Higgs,Graviton
0,0.011566861590416658,0.3956565214195942
1,-0.7589279888326758,0.2332437976994359
1,-1.5235798865928767,-0.17388746265307287
0,-0.17030316795378353,0.31273820412404485
0,3.5387004887809006,-1.9844919036517072
1,4.341327341099571,2.8413232005653803
0,0.13482699619416183,-0.3659802312608822
0,0.5324307116840153,-0.6440141683380132
1,-1.7181404845261068,-1.3628355374064531
1,-2.8681289143939703,2.3655054684092773
1,-2.7776923449787674,0.7901620307970603
0,-0.17210201597948108,0.9198111633985113
1,1.0808622197917201,-1.2629423260514776
0,0.5274767901591233,1.0814668521548498
0,-0.0837490394549571,-1.0292853341620636
1,-0.9787396398699434,0.6440818890403823
0,-1.911445151069514,-3.5097042117772985
1,3.322270353228843,-4.245733861732667
1,-0.7928527988796746,-3.0014371082298847
1,-1.007395972444195,0.5989249827141077
1,-1.9641671762217632,-0.3866669710305559
0,-0.04294463102759899,0.7344211175674193
0,0.851423264056785,0.0016104792659644707
0,0.45241361136667047,2.604253309910182
1,-2.3966336832506347,0.18468890568779872
1,-3.363577622410181,-4.689291679026039
0,-0.379788871557606,-0.3648963388180962
1,4.758038652645508,-1.9646772849126548
1,3.453152976262708,-2.936379216526579
0,4.9636521564884815,-0.8470576736799429
1,2.8687242518644296,2.2324989501788064
0,-0.21070266558274492,0.48474957706954147
0,0.8287509229484299,-0.6306606032108818
1,-1.0144714005081634,-2.717691831124818
1,-1.441601849458653,0.16124494861114724
1,-0.22194192220653497,-4.76764115112279
1,2.6333725742881073,2.992713345500873
1,3.136371136351122,0.1015037187040213
0,0.3539139319392239,0.012869026478692244
1,-0.26056731764638796,3.252941987435408
0,-0.07350019631788784,-0.9670532121887336
1,-4.435652564431075,1.7655539507978641
0,0.78599515535717,-0.18807183659155235
0,-0.22223087409565329,-0.28765980322780454
0,0.633704417146447,-0.4787610901939937
1,0.5911641739221551,-4.174225615576469
1,-0.580383288626567,3.7898576235598864
0,0.1549298548335888,-0.49473520303488716
1,2.436958262922981,3.910729816359245
1,0.8048045715370727,-1.2653252161155404
0,0.1422026936318036,-0.5777126368974287
1,3.855641233148202,-4.687591233187033
0,-0.2184482355858643,0.7533141612433908
1,0.35377554337964245,2.9468881794246644
1,-2.0892358794973314,-3.8761175538696864
0,0.21251074142296622,0.6122733019544424
0,-0.34796442325116506,-0.5137386099150898
1,1.8261277240631257,-2.1380757385199556
1,-0.025973768859730018,2.3528198654406216
0,-0.1756224525942801,0.7351578603327263
1,-1.4567337599026016,3.9192519845179943
1,-4.097669209959175,-4.5672166829855545
1,-0.526490302646434,0.799082378199778
1,-1.8694350498491008,0.8456278239717036
0,1.062644643677842,-0.3234215489280542
0,-0.08854303301537804,0.03661607694638787
1,2.239768245757384,3.060419243022154
1,2.1130166398160943,-2.5694119735479326
0,-0.4839603921518143,-0.45091317014548193
0,0.17838068065217097,-0.6712520676659219
0,-0.14460399113422168,-0.48956201545531486
0,0.43402426205118305,0.8897778225990749
0,0.6355233718341973,1.13081452862854
0,-0.07950554110545721,0.14555242282370523
1,2.00188450695964,-1.6031324758627619
0,-0.6237086858422435,-0.24088818329775952
1,-2.9347632397358403,-2.1916960803473478
1,-1.085196776599214,0.5395754422464376
1,2.972342980670097,0.37468421530444385
1,2.4977687841470546,3.4467076370198146
0,-0.4184719020647379,0.7192604917218085
1,0.6668773585901008,0.5773502400066737
0,-0.45832360562431346,0.33576440571647337
0,0.2777255733805358,0.02022771214365652
0,-0.2903239344821763,0.3137308243949754
0,-0.08712206061784154,0.299711875826325
0,3.0156057932915843,-0.34645716080883293
1,-1.97606910147069,-0.7678614614776796
0,1.0500190805457221,-0.14469727952331946
1,-2.6250169136376647,3.3213833208269854
1,-3.4750748290575,3.103999374899169
1,3.5179679272930913,-3.6854006912264614
1,2.923898578736358,1.076683489435869
1,2.7009610010640106,1.3413354109155247
1,1.2487142339720196,3.8743357340227154
0,-0.0678562925556033,0.14401662763642678
0,-0.637117372152467,-0.2928377895520651
1,-4.904349902095453,4.845690426706316
1,-3.249504899444347,-1.1392129149283048
0,-0.9592117397865436,0.3116457231460974
1,0.7121980520531171,-0.37608159157538745
0,-0.5266081304677042,0.06930743619047158
0,-0.3558912324484539,-0.44264049260983834
1,1.9912180591505835,3.4414814827459503
0,0.7034049536432316,-0.13372056990281556
1,4.5612973474360485,-3.9945137362662035
0,0.5783175507910804,-0.7520239079813297
0,1.0772725566574886,-0.3690908899445011
1,-0.0639296874175915,-0.3838139065458617
1,-0.7151535776836158,0.7307561478712765
1,4.041522242251024,-1.9549694097303194
1,-0.820132832161557,-2.0373357777445813
0,0.031315590092989065,0.909096035656035
0,-0.5253271184260976,-0.3042889189638975
1,4.396167320033268,1.1203224512587955
1,-4.803811420298112,0.9541158724438242
0,0.6415535588571822,0.12504885577307953
0,-0.24853910767177398,-0.9363685366872758
0,0.7118516766399982,0.22796965665326457
0,-0.11230952605088794,-0.06105230746586624
0,-0.24887540372564232,-0.11564923621206015
0,-0.7664411613282596,-0.5881543670417511
1,-0.3299987183440077,0.031504642218481
1,0.7524361442029937,-4.068895366324884
1,3.2248023924166276,0.08374417827202385
1,2.6609815506913947,2.5313668484946006
0,-0.1719912372760829,0.7681509858679765
0,-0.44471420863635114,-0.8052781602086201
1,-2.1905621288020427,-0.35543074566062316
1,-2.735333148124233,-3.7629982059481932
0,0.8928935308970237,-0.08507509227364216
1,-2.0925986413294186,1.1127279844093159
0,-0.20039846650651988,0.9178110085017638
0,-0.06798451114341969,-1.0214199917187623
0,-0.7761361933199142,-0.7033820328470912
1,1.528751454892185,-1.2386889044995775
1,-3.7160793339670213,0.1170065452323582
1,4.264742461969347,3.851203314175299
0,-0.7015873359787089,2.2456603004529403
1,2.0032279950510516,3.55476104564909
0,1.2120712872793638,-0.24056155401365242
1,1.0169032401693494,-2.877396378713602
0,-0.7723302825783472,0.03674580543570555
1,-3.4842365102633686,-2.7925091191174833
0,0.6525578119983309,0.6030516064651229
0,-0.82916293701559,-0.07242821746817774
0,0.5923862551448793,0.14213638518478589
0,-0.031121776058676526,-0.06186011697830558
1,1.8661952855716846,2.479092633364455
1,-1.8991930891698212,-0.26306127881362273
0,4.875464018445853,4.124143806142506
1,-1.8176127007297893,4.447792086638406
0,-1.3959731209969823,-0.4785126681185098
1,2.6031542499467615,0.1612242479805287
0,0.11677260113064439,0.8441261637292544
1,-4.7743360291094366,-1.5458811990478223
1,1.0772580656157282,-4.246378988852891
0,0.6817444914915799,-0.5010385320876373
1,-0.25636584293470377,-0.26380262336894555
1,3.9009067654069174,-3.8508211685484195
0,0.47950964348310954,0.9414932950505723
1,-0.8521040502731299,0.6009397597073043
1,4.137311856262972,-1.9953846210330672
1,-4.5188264967119816,3.019561883629755
1,2.580938410489963,1.1856751524335003
1,2.333194750405907,2.8110992498466194
1,-0.022313144262788298,0.3625626507572466
1,0.7459896683861372,-1.0191165795914419
0,-0.1857822163997848,0.8138745206463907
1,-0.3897713435812422,-3.8130994344797142
1,-1.6636993525929484,0.6683148302383879
1,-3.3326387581508357,2.85294303192852
1,-2.616530711908922,-4.72794743421782
1,4.450319294347978,4.230920576432439
0,0.5804346961257323,-0.5594653592998747
1,-0.6158117861479673,-4.609566416356681
1,2.9246199435976656,-0.13152900433405668
0,-0.8647231745066313,0.7472017874931678
1,3.7267583354069562,3.3145484741149867
1,4.107257298271059,2.527686319491714
0,-0.6616089890198704,-0.46361197581885616
1,-0.8080184175149879,3.176641596893874
0,-1.7452541731153859,-2.8089358848956953
1,0.1778837696412322,-3.8050034936010517
1,1.7700541153834781,2.041127359043121
0,-0.09511086734248975,-0.04613270408384318
0,-0.009525231211358481,-0.3643666904173252
1,4.029342374087729,-4.005179523786552
1,4.848387475257545,-1.744453973126054
1,3.7883071461766065,-0.7913808022865604
1,3.378022840899064,1.6473747731945554
1,-0.2051138411884651,-3.7184331355753724
0,-0.11335066502814428,0.8794364463321099
0,0.8472650204248561,-0.09957672863572503
1,-2.0713499205926578,-0.8393179015179236
0,-0.9927851447226991,0.48157510182023444
1,-0.6469160197337882,-0.6233190354134787
1,1.6255205382378957,-2.1462184765690835
0,3.0353902985913095,0.21541844860527237
1,-2.2174508762929146,-1.9474478410389877
0,-0.6224264769400687,-0.601840386250262
0,0.47774059092895754,0.16010654009269348
1,0.4360392273559577,2.1843302527588953
0,0.7408041253634693,0.5813136297409441
0,-0.8440067304906683,-0.3124912297827905
1,4.4855019186586444,-2.9983303421678182
1,-1.0654666202442764,3.024412292528834
0,-0.8344456582626999,-0.4745524298920636
1,0.09753720586123056,0.4405046800807759
1,4.412203112457314,4.214371946892679
1,-1.174979024431685,0.947310202883358
1,-3.6589167287222586,-2.805292452315395
1,-4.234166447669646,-4.211104626340461
0,0.11497443365332244,-0.4823138143146566
0,0.5253459431403528,-0.6834280089295339
1,-0.6158059953462393,0.46918845535547665
1,4.190582351008053,-1.5688987478984995
1,-4.736679973493099,-4.687410394441578
0,1.0059754330331212,-0.7366737986640686
1,4.585435851810564,-0.7583990830050691
1,3.3587501929115864,0.252636413809475
0,-0.34683181552847653,-1.0048122284391034
0,-0.4203058752313906,0.4388013286485038
0,0.10201978828132341,0.21778662906583812
1,-2.849630902491669,-3.9113804514229003
0,-1.8085424268053607,1.2138207022871255
1,4.750865052669337,-2.142212384704243
1,-0.7910098943063082,-1.3188742870634877
1,2.064053447556793,4.265559280868139
0,0.006521739828738243,0.46846614699697386
0,-0.05615382619694445,0.7834074897599989
1,3.63434680607512,1.3141604340220314
0,-0.03420854193781664,0.9046272857006563
0,-0.39132230619022634,-0.9894908357354009
0,-0.5528866017672474,-0.3219860023278587
0,0.4295749524488569,0.8041236095071441
1,1.423530162188693,-1.0032494381518857
1,4.708641493252987,4.694274784734734
1,-4.0360362562938565,-3.4257469564878567
0,-0.36352100916199015,-0.6462376365394592
0,0.35441356770271704,0.7025331216017767
0,-3.467855732991432,2.654780664934778
0,0.8096478437455936,0.6792175723923517
1,-2.4802098891903683,1.3336550679960406
1,-2.5917020008299465,1.3837661305709803
0,-3.942785217098557,-1.1007696212608091
0,-0.744576852568187,-0.8837142160802696
1,-4.544238604950859,-3.983811109886747
0,-0.7254722626497577,0.2280787015457855
0,-0.48194920996289214,-0.05625146176697465
1,0.5889801159485986,-3.1372719618771234
0,0.6314922721450835,-0.4362652896733633
1,0.034583696954474386,-0.9204733062612157
0,-0.6055634731087924,-0.8029211725298044
1,-4.48687549360832,4.207779304102011
0,-1.884347577684946,3.541410101974065
1,-4.923403556593422,-0.531478935194517
0,0.31621610799998606,0.20934894048189714
1,-0.7143111560537979,-2.8703836983294813
1,-0.09029241065989457,-4.966893626303869
1,-1.1221108487659732,0.500199331286249
1,-3.0942073167846837,-3.3200955954843665
1,0.9821603514529115,2.438022350154607
1,-3.357670160157395,-3.4640631706729907
1,-4.983832008347423,0.9868186179064237
1,-0.299258249070216,-0.8983368782691304
0,-4.344376133741401,-1.3550852245130518
1,-1.3374977261702958,-1.3267859381670206
0,-0.9389273240654469,-0.21899534624015038
1,0.4947113158787586,2.377839031039734
0,-0.005777493301525771,-0.5827017246000868
1,-3.26166842461598,4.483923560963222
1,-4.282948690718762,-1.9233437897045795
1,3.750600054617163,3.1637072101700903
1,0.5118722170794618,0.19584168503268584
1,-2.2866894232119876,1.7730137482024406
1,-0.23100892509191173,4.67457136678967
0,0.9857436920491942,0.14720895633793352
0,-0.5091830309822333,-0.2660901704747192
1,0.9632398642821016,-0.7209920458514083
1,3.3534754565419824,0.6707270313396646
1,-1.6002004741897957,2.366520824463568
1,4.004258254597934,-1.0088490611304324
0,-0.3896155832404639,-0.731579560776725
1,0.5652468033498117,1.0142392840687116
1,-0.6796024989607136,3.624274664413025
0,0.6079858832321213,0.25340718409773044
0,-0.17330427901999762,0.45026200849003134
0,0.934433740786922,-0.03283537459918526
0,-4.51279610384972,-2.2192512072788717
0,-0.25526106035519164,-0.3647335395190095
1,4.607779847014266,4.400013726553022
1,-0.5279787289039318,0.7175811450576826
0,0.6681304643827715,0.5299363786693646
0,0.4434436238905493,0.28888979052703867
1,-3.121009249737778,-4.888498923363852
1,3.2847574470676397,2.3820804461930694
1,-1.1328182574731023,0.5475882477124014
0,-0.46116463227124027,0.1254615309830477
1,0.22679571560098588,-2.8120423638751184
1,1.348639891415564,-3.012428472756003
0,4.7759144335857675,-1.60145016457734
1,-3.9039191152361985,0.8163718478296939
0,-0.22333731328230225,0.8795671816435234
0,0.086139564342123,-0.08089966010039921
0,-0.322574087754197,-0.5760433024790907
1,-4.925089806999487,-3.4247921486704787
1,0.5622734713069566,2.83851601475185
1,2.362979315731819,2.1350216599065
1,2.2963868567246215,-0.44179608034295603
1,4.642429488010541,4.536356106186225
1,-0.2874066488318716,-0.2756748340751365
1,0.8254688195789006,-0.790052662933718
1,1.550308645764404,-4.213308174709175
1,0.6572589087431913,0.1391484151278981
1,2.294917668345851,3.717464019572982
0,0.8409133477880666,0.23446592650654263
1,3.4498744882374317,-2.281736158147903
1,0.14317581411646296,0.017104388435439932
0,0.2523441362446379,0.23331786406259364
0,0.5826317976356666,0.23278544885810049
1,-4.797576157799258,-0.018630637406608086
1,3.277828600756219,-1.9762225344573299
0,-0.0737852372885124,0.7623874482553347
0,-0.1993152075327182,-0.07135869390346354
1,0.7870181410971294,-2.471004383035615
0,-0.9593151185320358,-0.16276667591711197
0,0.8771890968344344,-0.7943217214893254
0,0.7700038455870959,0.6165072724587886
0,-0.19663303447859656,0.572632633432828
1,0.9581646825775852,-2.534085571149211
0,-0.38638570129429434,0.05122256757754905
0,-0.29637136658399543,0.7464089172807913
0,-0.3771289347036272,-0.6158752315795358
0,0.7958336619689809,0.4728863719038876
1,-4.513585211827692,0.807117872876485
0,-0.21358553915898945,0.5669671707598096
0,0.9242071412912004,-0.42431030842115636
0,0.11419928755927544,0.47438170221953685
0,-0.6008051808917212,-0.8049392884781655
1,4.8682393375596975,1.7322984898152138
0,-0.6667885198032009,-0.07171912355583865
1,2.7864183356568883,0.8706557866894848
0,0.7810247224109139,0.45076904433746723
0,-0.1292750950741374,-0.49433237605270985
0,0.13503318367589043,0.18109528039315925
0,0.36610201289014244,-0.03506821477438225
0,-0.7495564757130915,-1.0007260147174488
1,-0.2505072229350385,-0.3743877846392688
1,1.4420461400686353,2.903790222865439
1,2.7834257542037295,-4.2807005805888
0,-0.41392822377247984,0.8994108252670915
0,0.322394970923835,0.83320175925257
1,-3.451343740989874,4.495433542416389
1,-1.9790028882149613,3.474495983900286
1,3.9366636746265202,1.1253433344275
0,0.05787091960459689,-0.8879747742246723
0,0.8507120878641,0.457238698829341
0,0.4279789244710017,0.9980899892082595
0,-0.3083842604142697,0.68952396807492
1,-3.9838169123167795,4.159998765374073
1,-3.092431000879425,-3.4599797938856565
1,-0.10215331131292388,-0.30872848265608455
1,-4.180671473468524,4.666001606806852
0,0.5083002165973652,1.0144516324625217
0,0.09470080493618281,0.4037783095019776
1,1.9886098176850064,-2.1405957352352374
1,-0.811181642564228,-0.2368935449457234
1,2.4745949759342394,2.1272011924625334
1,1.6404296103487455,-1.3660286565652002
0,0.728148754962305,0.6662314082926047
0,-0.21964167224291897,-0.17290866466246146
0,0.40742500034066564,-0.5350163197921094
1,-4.416080634452032,3.370499685892636
0,-1.0654734699515518,0.619005623052947
0,-0.8066800631845905,-0.6559118658047869
0,-0.012754888143562355,-0.2091464928189991
1,1.1614540668066464,-1.0586632272126772
1,-3.439572637076946,-2.3360962611410905
0,-0.2893394435359342,-0.6802062879102765
0,-0.5888463947096719,-0.2947882359336341
0,4.840959200519636,1.855325889800613
0,-0.6182886295088426,0.2905720454796369
0,0.1123854476545512,-0.24243830198968272
1,1.1790334510759433,1.1593252812743922
1,-2.212577760468279,2.8465486077132747
0,0.27180754176075844,-0.4384184605090489
0,-2.881735695566859,-2.1688829752733763
1,1.5528787624121039,2.6072818043575072
0,-0.6168401209753043,-0.23356359927249093
1,-4.1317052573532544,2.4462235330183493
1,-0.36534194062800895,4.974335478109375
0,0.4711878747392451,-0.17915146283429526
0,-0.2898285311659068,-0.9703343542308775
1,2.962692961053912,4.954903644575892
0,-0.6306995377168441,0.4735714287250983
0,3.617002810836988,3.3714141599416347
0,-0.32118549153587317,0.28823665783811814
1,-2.2101420138064665,-1.1582125213163148
0,-0.1756602999128791,0.9468550629187225
1,-4.964035248132326,1.3392920136215436
1,0.38598277456570085,1.0678614421167554
0,-0.3966408729694456,0.40317340255007617
1,3.9810734079249706,2.1416378315091613
1,4.574222922095318,-2.458168822254623
0,-0.5523933710400343,0.5039144659148649
1,3.114341424876728,1.9422692395412504
1,0.2618423830366562,2.8178336216695983
1,-4.186356311432414,4.7062262082456305
1,3.199796207250891,4.792748531309146
0,0.5377985687015865,-0.12665281030429051
1,-1.3741547251823754,1.9711094143028984
0,0.3021831040298374,-0.5306000556612565
0,0.21306705631863815,1.0143434777590943
1,3.2636972352642872,1.253884390406526
0,-0.12226812599606092,-0.3593812965547478
1,-1.5437456736382775,0.6936947115959996
1,-3.7245116676164813,-4.162131799202963
1,-4.586266407567628,-3.679943118483218
0,0.6851034513791776,0.5215743243291326
0,-0.8922442025538984,0.12718349030407763
0,0.5017030738960088,0.4838127888285672
0,0.2824814308118632,0.5277193659779508
1,1.632773347257856,1.732790931792481
1,3.408790854935564,-1.1470929001082149
0,4.06626142172009,1.3549074955891771
0,-0.42861391706466406,-0.8054824505202072
0,0.7994648635431347,-0.315244387933204
0,-0.5095424292710826,0.6113997011880343
1,0.11387045078749047,-1.3475706085300128
0,0.8328528775598392,0.01913758362414883
0,0.3606414474978886,-0.4631544250141921
1,-1.998777178215429,-2.945868061581126
1,-3.7295615752624736,0.9518384065438751
1,-4.64967067859529,4.9392882260350675
1,0.7088991414885298,-3.040916547275188
0,-0.7769697853790318,-0.3976394738055341
0,-0.9868669919099102,0.4738457759882057
0,0.9999172149531512,-0.6521452408741534
1,0.8741239593128824,-1.664614856400719
1,-0.2816002263480577,1.5673296116615094
0,0.012033165513828242,-0.6005138510874711
0,0.49120340905791476,1.0868089807593755
1,-4.998317509012013,2.2278771768226493
1,-0.4977326098410645,1.6726716084813287
1,3.9256308202852814,-0.21382477634992625
1,2.1612630230441106,2.565234017232157
0,-0.021953540404121008,0.9887075566149834
0,-0.6904878534339233,0.01075037970738868
1,-0.8159622780406989,-4.464405447429785
1,0.9557884078460582,-3.6119346218646036
0,3.2196180573272377,-3.3182529788891237
0,-0.830796849981573,0.22780730055081894
0,-0.6011777545434446,-0.36697296746874986
0,0.09577737678387413,0.5556829814995411
0,-0.4668201817990596,0.8645587161053253
1,1.6635004043282282,3.4678168503997506
1,0.04781986808432499,0.3315292804651492
1,-0.33302916079474,4.612414269549873
1,1.918969185948487,-3.1868232978024484
1,-2.584313820147191,2.4197880321213194
1,3.4445645393718904,4.181660988645318
1,-4.8355879696231545,-4.102057906107157
0,0.932050617415359,-0.4816021824596411
1,3.267589282403762,3.6642217169618925
0,0.13487575695860665,-0.600994057939372
0,-1.0815291238805376,0.5801942404623286
0,-4.421222171677134,3.193380327731341
1,-3.7790996451828467,-1.528538116232276
1,2.1459487824139707,-2.755512585717944
1,-0.5608329671713852,0.44340936134747433
1,4.004064436887494,-1.526262764116812
0,0.8357710402042654,0.6607205512516139
1,-0.0269601758658313,0.7092460900705087
1,-3.8201667472601275,-3.8126984719967814
0,-0.5086194713460364,-1.1351526445797089
1,4.0063698649925366,-2.4346285083710235
0,-0.8998651275428637,0.6301396385228321
1,-2.5487291271357337,-2.680734669438052
0,-0.7267075634226199,-0.49172855576213126
1,-0.48524958005469854,-0.5572250989135323
0,0.7098815007759399,1.1378407133618347
1,1.0791513869547142,-3.3793884257361784
1,-3.492643494811563,-4.2654620288887175
1,-2.0377057240719463,2.702787152684669
0,-0.7279003831781914,-0.6547489162952871
0,-0.3026301608407797,-0.08501186796737147
1,3.395128848133553,3.161580771712325
0,0.33692818488206977,0.6383015500817268
1,2.9203795438915146,1.4329757641982184
0,-0.44989832068312613,-0.31615839573989624
0,-0.5912607724652275,0.8652811495291794
0,-0.2980069542738427,-0.480827587971695
1,4.541968579028174,0.011087324326057857
1,2.123019913310018,-4.182772453042935
1,-3.41448794312826,0.5534121630579802
0,-0.53683858907721,0.446619667780358
0,-0.6713830322522547,-1.048848639012936
1,-3.5553130062160236,-4.217488248766572
1,0.8246255296482419,4.785494344696427
1,-0.6090643134869161,2.371905828275673
0,0.5265916117051332,0.629631375514301
1,1.1478608894380637,1.0068472280283358
0,-0.2980025101269169,0.7925274492413711
0,-0.607363354351156,0.10812682786627381
1,2.800332474130781,0.5495626413554305
1,2.3550864681311423,1.2919103635316125
0,0.10543914398493758,0.07670958351351553
0,0.4319160943932834,-0.39516129948545003
1,-4.671150805506318,-2.5904027180309335
1,0.8894895861376739,4.670317935289886
0,-0.6074439496039624,-1.1713627146998116
0,0.8296089324966609,-0.633212909544374
1,2.744376677465301,-0.07055741092818535
1,-1.6308489270216486,3.445571588741665
0,0.08163411671196225,0.08163638161983584
0,-0.024317634437151237,0.8768970281376804
0,0.6042658563368205,-0.0072600003939338464
1,-0.8123641835496703,-0.8030528780358837
1,1.7279499388136,3.2215555447686595
1,3.8499797954565027,4.8580318355921825
1,0.2852181441578616,0.6302847566449005
0,0.5880536274564203,-0.34982722224548285
0,0.7391267013089604,0.9361910717155073
1,1.8657405769590785,-1.7194463926713033
0,-0.6917995941724112,-0.5082388302623355
1,-0.8432586379830215,1.3716529736831318
0,-0.2878942058761185,-0.42950015426861415
0,0.5269988902767937,0.022382599892097718
1,-0.01825154167570342,-4.659791571102649
1,-0.978396961436564,0.22277106373309263
1,4.266495257878977,3.3831556465952723
1,-1.4858129494735621,3.5828528461030187
1,-1.7084345902123803,2.5861164283905147
1,-0.10765582825965347,-1.351011912203488
0,-0.2215468730190448,0.612751870473432
0,-0.4896423675134579,-1.016376119739281
0,-0.9515282173899585,0.2725680053347982
1,0.7082465680352289,0.022530575112929163
0,-0.13583847255962328,0.23373795462989122
0,-0.32693226937269143,-1.054451070036294
1,2.039501537645066,3.5610330748411063
0,0.8318798043881701,-0.355295927331271
0,0.2081125671845407,0.21094268867185328
1,-0.4812130263238653,-0.1372165698872672
0,0.471325344746958,-0.6197322775040816
0,0.6617917059108478,1.1063925991766514
0,0.11319690702346871,0.5830888680577676
0,-0.45904984221125766,0.8841647355338847
0,0.5930708121100632,-0.6446298129337782
0,0.6832566506898574,1.1490201022342252
0,0.6166167460378548,0.9697150367394662
0,-0.4156797973754609,-0.940866636561518
1,-4.272168194599304,-2.5071202748616637
0,-0.6335554475668217,0.08155964588437994
1,-2.8992132915317237,3.399437780829518
1,-1.3353128089710475,-1.7734502263812817
0,0.15282892950468768,0.8395565646144023
1,-1.261870377854923,2.4301800160256306
1,-0.3059334631060351,1.9291973875848534
1,-3.79505554274293,3.4260637480224516
1,-1.9843592250665716,1.8722689383244724
1,2.0603627204419217,-2.7839626435177767
1,2.66528598615275,-0.6563794753640001
0,-0.818370567789624,-0.3312679778367493
1,-4.206693872055542,0.5148789078217264
1,-1.5600171511909755,-4.128106786109908
0,-3.5939202819183174,0.7049143359188942
0,-1.1334592649689286,0.6744596219121493
0,0.7590872146067867,-0.4533064882339948
1,-2.0654643219663473,1.4595980254181795
0,-0.3286251407633394,-0.47334363505465304
0,-0.21714852090154985,0.3108130168388786
0,-0.5301847247744947,-0.5433677034154161
1,3.122080058403784,4.872536392121366
0,-0.8363465035213488,-0.32888289777326707
1,-2.7270153323825896,-1.3033871105213386
0,-4.364694255533885,0.3068928885512723
0,-0.2935557004894621,-0.853100166791946
1,2.8458410442951534,3.9533665229623454
1,4.051923860877308,-4.616657633899269
1,1.6571582777509652,0.67405577654645
0,0.08998492192611149,-0.9996356066739553
1,1.0128569498134254,2.5276262003996655
1,-3.4475913053201372,1.6837457124820965
1,3.8615102345522647,-3.30494310589813
0,0.30674267624241314,0.8096341542607426
0,0.3253788499752892,0.7544247639088191
0,-0.05222647342378303,-0.9128977690965262
0,0.633316250569828,0.8748890978048005
1,-0.77729853477294,1.4191971841056277
1,-0.1030492307200838,0.08934326041007656
0,-0.07891427266762852,0.05165464896873603
1,2.3280821278404034,2.8375015795212164
0,0.4216196510207738,-0.08855243419482457
0,-0.16483260014229573,-0.9794961162127162
1,4.354837034349019,0.5594077823493021
1,1.7907941490954653,2.0433880874564454
1,-2.9708173157083664,-1.8582483323466965
1,4.87651331602814,-4.756954832056886
1,-2.054576526210414,2.7628268176251614
0,-0.2976475234520416,-0.6488395185009324
0,-0.9318173902647001,0.006372681096910415
0,0.40242764638158324,0.3414831781967806
1,-4.298302318503035,-0.7759126595570848
0,0.15928905719252853,0.2283665946357673
1,3.2376406989389834,-0.6919180840579103
0,0.16952846501214572,0.6232441887352138
0,0.13087004356978355,-0.09048921636831814
0,0.7570408097181462,-0.18729129109679338
1,-0.4278120362807314,-1.0717293015024292
0,0.7011822485897672,-0.5693218888859273
1,1.4568116079835958,2.337289064754777
0,0.43043947104879804,0.06508276585644138
1,-0.004179742670070152,-2.419123249447432
1,2.064370860919114,0.6239394605822035
1,2.7007169699451916,-0.9573056682061953
1,-4.2909845605631505,-3.4491011964274816
1,3.627536877081685,4.683174293404338
1,2.8600370117771052,0.8040301714477605
0,0.8140953057081537,0.4651122459456216
0,0.015168569566527984,0.8445231718819918
0,-0.9273841727058301,0.11687109781377875
1,-4.147418720261953,1.8075589561933725
0,0.4785396476064653,0.4963378113147692
0,-0.6537977578458132,-2.84470703999026
0,-2.342055259614366,-2.108387906454143
0,-0.07400044094654092,0.3333274799112168
0,-0.8304233433009847,0.17557400431450532
1,4.698253208235219,-0.9103255302499358
1,0.3150443734509323,0.25202651881903404
0,-0.795537327800244,-0.3356901600808847
1,3.5306900424110372,0.6383501350805076
0,0.6839046629282316,-0.8068160201283325
1,1.575914923896864,0.45856427561742796
1,2.6764636930118844,-0.030478853963039065
0,0.2860907734275991,0.2435174721883487
1,4.9988467919865,3.548295941598581
0,0.7530376545450727,-0.0653763246058367
1,4.79353153967528,-1.3387204450869783
1,-2.331552882319615,0.6066982796254083
0,0.7480395569508661,0.43277213627641903
1,0.5838769570089797,-0.7040631816860441
0,0.9602853502239748,-0.5445691151221335
0,0.9320505335533977,-0.37015478900174337
0,-0.16844388409281413,0.31676390348444566
0,-0.6492196136872528,0.6391507953979016
1,-0.8354498282739747,1.7006321142214387
1,0.43682752418463333,0.5266454686227002
1,4.0273693790316365,1.3960908045716902
0,0.6824851088834188,-0.3045793945447479
1,-2.098019147937622,3.6899371440002113
0,-0.24262012840741365,-0.9429426780863781
0,0.7783495659101802,-0.00698815580089715
0,-0.5564988737426377,0.6331447319208351
0,-0.09366600630043365,-0.8913358259422641
0,0.6837708605366921,0.3339407647611533
1,1.9673598059789437,-4.62459497669615
1,-2.574756396182539,3.7004506470945135
1,4.175313796989812,-1.6408266324295169
1,1.9966098144220379,-2.574466571626936
1,-4.807127932088707,4.182793393619518
0,0.04573021495454224,0.5084795720992106
1,-1.3285241680053699,-4.855593843247539
1,-1.6766543643632659,-3.3098373212406362
1,-2.760093919898985,1.7693209101948737
0,0.4032764632565877,-0.6830003764553334
0,-0.047860664522016844,-0.7616424338577089
1,-0.9788076413458685,-4.064595065291479
1,-3.6535416465591624,-1.8122643402090373
1,-2.4935781267877206,-4.046814600200841
0,-3.594569688185627,1.8241327256821198
1,0.21961120381430388,0.48719433763920017
0,-0.6074106314129221,0.8125383845872155
0,0.45069904971356667,-0.4064255979810103
0,-0.25830044113443446,0.9031232800879074
0,-0.5019591587287142,-0.11325245308183901
1,-2.0356450797500085,-1.8468045928317904
0,1.1052567721653506,-0.5722610734631095
1,4.118420572297302,-2.7016573214050688
0,-0.9493373724340082,0.06896777609829291
1,4.924485231853217,-4.0287841066953485
1,-1.5834340980680894,1.505407079291749
0,0.8358359354905551,0.08710385002542123
1,-0.29882990117123365,4.182000398883176
1,3.444811311297485,-1.2620481167750641
1,0.7233273192660927,-4.256175187513359
1,-3.3675936722324202,2.190376985939078
0,-0.3492931594085857,0.9084637730967617
0,0.3252517223872205,0.5860776256867631
0,-0.6166659945033212,0.5233689002795966
0,-0.05662585824572858,0.7223717133920088
1,1.7072703875449697,4.197477376836614
0,-3.0959133004970942,-0.2065347057492789
0,0.7034217230565729,0.7329201459934314
1,3.305927764364407,2.9646985384908335
0,-0.5403839393006789,0.22408920191586995
1,-1.5033482135678415,0.40227284432883037
1,0.10869514969662161,-0.515790740306662
1,-4.375310266953148,-3.8369238384637794
0,-0.9803559355144518,0.37160573192040586
0,1.0993198018195562,-0.6433183377104753
0,0.9215141069839169,-0.019564229702942276
1,4.674576835098341,3.175632021863977
1,-2.1660284736227124,1.1588146472815612
0,-0.9218331030536367,-0.20056489556727952
0,0.010103667439322783,-0.5413588194690907
0,0.5734489003142768,0.31637021216165906
1,2.181903176959985,0.4261623127182773
1,-3.9722152511255384,-2.2075088286377262
0,0.2199218197635744,-0.2719218128156367
1,-0.8761182003404733,2.6124951064272084
1,0.8075653166733973,-0.7888647007968206
1,4.85946381943899,3.1647583835350073
0,-0.6287662201780494,-0.645490233680067
1,2.956302375619935,-3.7726504063853064
1,-1.8284958960293973,3.9358900594158435
0,-0.5092782621898357,-1.0357009172805252
1,4.8052258834426596,-1.0541386839152693
1,-0.440409754675099,-0.5047805558172452
0,-0.21159198111491814,-0.41569911341059396
0,-0.6030402184571158,-0.9567333272222096
0,0.19755367192520162,-0.567462273609516
1,4.506122154393213,3.8124316599065295
1,0.855339240691648,0.524622311609386
1,1.835187415373008,2.2666242407912045
1,3.8487120711615197,3.225857500061694
0,0.8411587450485228,-0.6202702302780727
1,-0.5831632825641708,-4.725262740874115
0,0.5815604262169842,1.0353151181746136
1,3.0372694054005493,-1.6680239274031057
1,-4.796034660416583,-4.046446417352137
1,0.9897924735508123,-2.905948459790808
0,0.5564981185946994,0.31940833117436684
1,-4.856994592824614,0.9401367120260562
0,-0.07592618804003581,0.554771538041131
1,3.3486561038781417,-2.930390450982695
0,-2.6609662752730068,-0.19028303737951502
0,-0.9696036639985748,0.3653379015507985
1,-3.0074267949799713,2.897334210483886
0,0.2964979675464986,0.28049850008704064
0,-0.9886967260830221,-3.1733269153171473
1,0.7662832350308396,-1.0046215922248942
1,-3.6351405066812648,-0.7613229308480446
1,-1.4371332849494562,1.7860571121032087
1,-1.4742527091944462,1.8681351660994845
0,-0.6646392795499024,-0.23480965866247067
1,3.478613712895469,-0.028561196620931484
1,0.5556818593973256,3.7976998047316486
1,-2.5282160168833734,1.4729900526470496
1,4.602022955571556,-1.553536758528924
0,0.6525410622906399,-0.26349974040393853
0,-0.3842360694226016,-0.6657723932817826
0,0.701190956651206,-0.34589472835914814
0,1.056094330805629,-0.3406564888265373
0,-0.23473460593807255,-0.3244893706293941
0,-0.7548508056148342,-0.7678609595314516
0,1.9153062326886743,-1.4567102351864636
1,-0.5231356144593796,-1.6868665088987955
1,4.814123558259255,-0.6510168195261518
1,1.5940446878025205,0.5720030975396062
1,-2.3224932067751736,-3.95507547838658
0,0.6284778934766364,-0.07310185019114154
1,-3.020251994021201,-3.70997115196685
0,0.7466018404532431,-0.3426293228595557
1,-0.3689604686945219,4.103251524256068
1,3.6953236668597587,1.8046971260687417
1,-4.442456728119245,-3.548754230177744
0,0.607047717816927,0.8374336703076835
1,-1.8641286337983702,-0.14213900079931618
0,-0.2455787883893594,-0.6260526921750538
0,0.7473919498046548,-0.27453766779674765
1,0.8554768933507672,-0.685246452481056
1,-3.3943186664419116,3.9974471210615854
1,-0.6268055279925708,0.5117898533985048
0,-0.7955299620747281,0.22410155809484167
0,0.22936929157499245,0.22841060388507317
0,1.020947893680776,-0.7176787929039846
0,0.02979364416142885,-1.022855515856872
1,-0.8037792330023108,-4.426971875469531
1,4.453154136625953,1.9109322791308991
0,-0.15661976951873408,0.7075105526180487
1,-1.1969205080499261,1.1554509342289814
0,0.07909363314456389,-0.4189394049886178
1,-4.165687399102019,-0.15498844938420075
1,3.0719902799313648,2.9335485538728543
1,1.7329551228274616,3.503593664129963
1,-3.420365693210435,4.120765903327866
1,-0.7540453868671146,0.18953596286178706
0,0.4708292007870188,0.3574441255781664
0,-0.3108698893745697,0.8111159791390431
0,-0.12996921719821683,0.46556612204659553
0,-0.2898721460013709,-0.8247362954915526
1,-2.1287303291952293,4.947938076316633
1,-0.0028540904953294755,-0.6373954907133389
1,3.5302349945573845,0.33160450804283204
1,-2.530554685217302,-3.7271195750175288
0,-0.5195793619544763,-0.9931480327788278
1,-0.9621323041410945,2.001571086467362
1,-0.6870880110756478,1.5664759891114188
0,0.640584499600653,1.1550889747461413
1,-3.6505888517285205,1.4735577877204515
1,-0.30241540685346124,-1.399122050786561
0,-3.3218658333270246,-4.626232755211797
1,-2.664873500137503,-2.456595884353736
0,0.16666124880357058,-0.4915027371772923
0,0.23994915602303712,-0.7022580867566415
0,-0.7542781102697373,-0.6602202952009018
1,0.3919488493815587,3.013228134938834
1,-4.782911241278251,-1.193561510939047
0,-0.2385954692166062,0.8922494443721913
1,-1.6074618578281896,1.7315565698760031
1,1.8381141163688635,-0.7456615973608005
0,-0.2649788924472674,0.19532347643618372
1,-2.608873962931684,3.322293875343199
1,-0.18833108793934017,-0.8577144277110682
1,0.6010719389715963,3.561681831656988
1,4.368723874251521,4.755226456145628
1,-2.6158156771666805,2.5060850960561525
0,-0.395517317929594,-0.6928311428309524
0,-0.08140677766634927,-0.8641035111445324
0,0.04147601283002073,-0.016587177420324544
1,-2.243952998104538,0.9663629347743702
0,-0.6061455711121078,0.25896007263630155
0,-0.4981236896724686,-0.8230490581316582
1,0.49877594787195,1.4725046260237507
1,-3.669780300511754,0.7799911224338729
1,3.687993298175021,-2.4935063181253208
1,-0.02902823089954709,-4.738701735379192
1,2.8267937633367977,0.16443759817773795
1,-0.1460629595862395,-4.484441260595634
0,-0.7195566680686504,-0.32197804770156
1,-2.605153196171427,0.12370228923193949
0,-0.11875729183897438,0.04826349044109969
0,-0.6520341568979681,-0.21735770798251128
0,0.22956843799620852,-0.4148306689528555
0,-1.6112631333012466,-4.750495093239797
0,0.09491580879620137,0.26547753527065165
1,3.5643765327672443,-1.1920813747046273
0,-0.644997710570695,-1.1195548365613521
1,-1.504209583278337,1.6675851884046518
1,-2.0413846093972454,0.47036406313497425
0,-0.5153713260078281,-1.0445438907638849
1,-0.12979251523724422,-4.8504485028334985
0,-0.16370784037576647,0.11333533515482422
0,-0.8545146962641409,-0.4583280459133463
1,4.794045500632366,2.414736520202923
0,0.3100548500697262,0.2844586493284257
0,0.18703165341673406,-0.41117555567728803
1,3.008871019948773,3.370030336339644
0,-0.3499139243202418,-0.5534711363047052
0,0.34579069578750143,0.8322730032752151
0,-0.104744319267712,0.6200904453538967
0,3.8737204405795866,3.9242713030164245
0,-0.2989647117122112,0.9210792150895272
1,-3.694097588331826,-2.37154611419702
0,-0.0821573859902466,-0.9571945806668388
1,2.2179696486398566,-4.9091018993589906
0,0.18311694867409686,0.16814846875013442
0,-0.29873152628306676,-0.30000066259628383
1,4.954985875699082,-4.3962994889577685
0,-0.31426144937716705,-0.4543217786450023
1,-3.4787750532202146,-1.7396905909264153
0,-0.8236864660534329,-0.16154783986942703
1,3.6287716703956265,-4.3471296532779045
1,4.6554094081135595,1.2712812943451668
0,-0.39765696794597793,0.5015895474839697
1,-4.631435848925614,0.026185127527605934
0,0.27021763208943445,-0.9516502370999651
0,0.6934551798004613,0.6199433139409478
0,-0.43884309793232273,-0.5039654325584937
0,0.2783747454763942,0.6789638016882156
1,-1.5014944150853526,-4.496333246318053
1,0.7920485172409497,1.9467320318630188
0,-0.7459421153634406,0.20514996408266645
0,-1.147309970382739,0.5992186696905951
1,-4.297336970151684,3.6158009220902905
0,1.1472506832471197,-0.6579179834445692
1,-3.9309175023658876,-0.469899376435135
0,-0.22484450791486693,0.8399046493580608
0,0.5955782631610456,-0.027099823593736833
0,0.3025710643545573,0.3487070859190543
1,-4.416347840923472,-3.1679444840199866
0,-0.7790643725785262,-0.13869232262326367
1,1.5111833714249174,-4.730053544524488
0,-0.5588332939816332,-1.0301707129639368
0,-0.6293512954636797,-1.0221291996937159
1,3.587711978689802,1.620140156614514
1,2.057335959827195,1.5992851499847198
0,-0.722972122053295,-0.0842557021683113
0,0.4794163313166868,-0.5411728895380314
0,0.0199312207109612,0.05595670924302315
1,0.9153325130754664,3.8795132816554077
0,-0.13519491178254558,-0.03620912037395782
1,0.5421067247003919,1.9504612560881802
0,-4.3697778414685935,2.181762047726714
1,-1.9342303367529246,0.20397128914234064
1,-2.4399197784934756,-0.3163803672196419
1,-3.1646485635904886,-2.77993737940185
0,-0.2699019566091571,-0.06380746515817887
0,-0.9748099871289624,-0.12863057693168495
1,4.943541763752267,-2.825004284234863
0,-0.8423509299894003,-0.07956666887952563
0,-0.31622780207454176,-0.6335713362908907
1,0.26490773558344205,0.5420900244779421
0,0.2719781997227118,-0.5353094778869868
1,-1.053301566800774,-0.07167949095088055
1,0.21598820125166285,3.222021830975507
1,0.5358804251871885,3.985546352765439
1,-0.7563545813553002,4.778316901636655
0,0.8508130150157623,0.4581030940081754
0,-3.529116260759779,-2.4286042532639387
1,-1.0636725087006904,0.7302011372448108
0,-0.7222251530749069,-0.20050396195643763
1,0.5776339863764057,-0.6646162225510953
1,3.4974771078313625,3.929719476525036
1,3.7160078265744865,-1.9928306501361204
0,-0.47335753839339234,0.7537688623136366
1,-0.5961230362937975,-0.15334071996134513
0,-0.8158915762668237,-0.7121482058795758
1,4.859748570700127,1.4875222407842392
0,-0.18261492831505483,0.20621290483052274
1,1.9138051774754983,-1.914457087292435
1,1.862201225909856,3.363221609031428
1,-2.6903125631231477,3.1896781091580584
1,4.474793249094002,-4.901407411550312
1,-0.7517037921694131,2.3935565948801156
0,0.49318226470280513,0.29141104490533754
0,-0.03327315754762744,-0.9857761345644466
0,0.48719830801680963,-0.5900859660116825
0,0.20228626790519705,-0.9209488765157063
1,1.2967821481691277,0.36364666637177245
1,0.47386886938448614,0.45508001685277744
0,-0.10110643959850543,-0.055450268542765566
1,3.735644117978752,-0.7674397703029118
1,0.5139064621442385,-4.29869596267334
1,-4.689108697356509,-0.009920310824756418
1,0.5350109467491826,4.711519993834302
0,0.1813149395731477,0.1198288752887686
1,0.90767122819556,0.31617726362970955
0,0.5036675686597432,-0.07057257914302781
0,-0.085477865086999,-0.6827098458845244
0,-0.5507460294751645,-0.9146791639115892
1,-3.3384047965782706,2.1306303739858388
1,-2.666746906764867,3.2821555257879877
0,-0.2981891033221174,0.9505702312177333
1,-0.40882522265954124,0.6074054149012104
0,-0.886712458364841,-0.3486798427002611
1,-3.457142739943509,2.4035112037843076
0,0.25134438393816905,-2.8125384311662645
1,-0.8396097676229411,0.12575824852316678
0,0.1286825682883597,0.5557594048054894
1,3.1578700110572067,-3.9701978833810054
0,-0.8633480650163897,0.16387558178009395
0,0.6690131362812731,-0.27655542148915285
1,4.17442380202861,0.7585720881438807
1,-3.228509441776989,-1.2824622761411242
1,3.1228622325739397,1.7915708753473587
0,0.8815129405375348,-0.2189432182791621
0,0.29794647650516304,-0.6898573602002928
1,-0.05105871093926295,-0.07504244624848277
1,2.444748846188667,-2.9570570279696033
1,-3.228514822205417,1.3385921024097636
0,0.9723121200367508,-0.32457460399957627
1,-0.8513682825499247,1.0024337323594108
0,-0.8843877875074347,0.7565746754011168
1,0.5795519727557489,-0.38984450166295903
0,-0.21136845850292507,0.5133838585998757
0,-0.8615151576436961,0.4022105131529251
0,0.345626972393749,0.7458008321297779
0,0.05515461504524441,0.24587874408215354
0,0.3242612871558407,0.6522560038405889
0,0.6441345817120929,0.8749510235305982
0,0.10290727248292075,0.8056470153993989
1,2.4406882616042007,4.129243181251312
0,0.0354881849317103,-0.24878000361731317
0,1.0917173775284619,-0.563738913592328
1,-0.1975521849520811,-0.25807506843825967
0,-0.3471508694051,-0.19626723968145787
1,-3.927451685917708,4.876233333129866
0,-0.029490168435292254,-0.11965984499607574
0,0.05111679746078432,0.8513445531333008
1,-4.945495011370883,3.073934043541253
0,0.630414843285267,0.9336598978275024
0,0.7000337723773499,0.7202005565767748
0,-0.5608632668273295,0.6834059141561829
0,-0.6411795509656815,0.286144241022381
1,1.8903804454054858,-4.173142219232167
0,-0.40946382725499375,0.6148224364416002
0,-0.6077487843028202,0.604475304890597
1,0.7175293256735638,3.9027807950273092
1,0.6831490690232034,0.7397400431209633
0,-0.20572727825633724,-0.822217142081385
1,0.031728200297354014,2.652600843453275
0,-0.290926122903113,0.9116175635127235
1,2.6496932245476463,-1.9687468530750536
1,3.177935851715646,-2.575641966594441
0,-0.9885215010119095,0.6417997220886962
1,-0.5877109959894666,-1.1292787613884678
0,-0.4405294106454244,-0.007525265154014263
