Manzana,Pera
0,0.287005411931926,0.011806924411051111
1,1.2002294204676693,2.0505416259174543
1,-1.5421189629535403,2.1000230533733317
1,0.8360390121600464,-1.926857340659791
0,0.2901074858492777,-0.944236542623804
0,-0.3345532969701306,-0.3594350528565553
1,-4.48093284998416,-0.6453981726212366
0,0.02681864520026812,0.9289059707105488
0,0.5552374144016013,0.3429418979818959
0,0.9589145089230598,-0.21844386767992835
1,3.100686918020394,-3.1686006568678016
0,1.7058654642882227,-0.41548620077640264
0,0.5753855653282433,0.10715890589287984
0,0.8419636436751977,-0.3684835805407034
1,1.3799044755049894,4.950291033653929
1,4.064182573625847,0.46412574388290273
0,-0.753555330927874,0.6413746920757298
0,0.5125989832763647,-0.41313057902725214
0,0.18246358348750732,0.3633246517677805
1,1.1300301232836825,-1.397912390668305
0,0.01154175506309826,0.8446906374064737
1,-1.6065284640187805,-1.055326428307593
0,-0.41311448047286764,-0.35559967160794825
0,-0.3773380527211296,0.3336555743270134
1,0.22501325967567487,-0.2994841948461435
0,-0.7537742978228388,0.04707982538876433
0,0.0062156495610098846,0.4978259742222131
0,-0.24025566370860116,-0.47962298167065814
0,0.921622334074192,0.08303671789607259
0,-0.289748069508065,0.5299376532599499
0,-2.9482084140734965,3.797308831504049
1,0.41881766389555153,-4.091617542783716
1,-3.7383987045923877,-3.1140986663988173
0,-0.16396303186078012,0.46787788556181226
0,0.3998458590055939,-0.48452930294195484
1,0.15339048260926913,4.454581403031623
0,-0.14937257244735128,-0.14526441250476643
1,-0.22777284262892744,-0.38582173259961966
0,0.6188003338910387,-0.5535582680434824
1,-1.319605280350321,-2.940661341725985
1,1.6902187882605486,-0.9039634187674106
0,-1.5903613792936238,-2.0241084533442635
0,-0.17599544255151114,-0.049080726881548756
1,-1.3498311842773618,0.6259848235847343
1,-1.0650740313984448,4.775207153894401
1,0.40960612340397795,0.5947270449127624
0,0.17937849965701783,-0.5413436061436773
0,-0.4098162802159996,-0.30883283611408907
0,0.7029005447083612,0.5797566298443625
0,-1.2502038522555636,0.9353157582386523
0,-0.5238940301385195,-0.5181540180990764
0,0.4475024824581609,0.650130761432586
1,4.833429769846809,3.058160812169421
1,-2.5228347035301475,-0.4657899751293737
1,0.1645860575939273,2.932254394019197
0,-0.32557295946243925,-0.34400386091631663
1,2.1320912425791327,1.8094884088875656
0,0.6548775731742983,-0.3263537764954408
1,-0.6404201589611341,-4.894146941965404
1,3.337700981522681,4.655919623501328
0,0.1587915964604885,0.531289715339224
0,0.6594383411151667,-0.11319621872255682
0,-0.3281808466550502,0.058559681864542794
0,0.7023125286477075,0.06546732649484127
1,-0.05433875602411506,0.6213456044149136
0,-0.09385343536482284,-0.4860579585167754
0,-0.025040441176387058,0.35339181877913567
0,-2.9737063639990806,1.8752218297552585
0,-3.441007390684911,4.507921853722035
1,-0.34672993593323376,-4.310494391593897
0,0.053969730954202766,0.46443191340189116
0,0.3106381038160226,-0.5211946795960234
0,-0.507377954355385,-0.6830660261223797
0,0.3323668143904823,-0.020432329788343983
0,-0.5011040220718361,0.16905595395427966
0,-0.008096444692548912,0.5835644872276335
0,0.1747455393591197,-0.1420638477976128
1,-2.867174416665211,-2.7171068423545703
0,-0.1692817849221898,-0.8080411381981563
0,-0.37406658818926936,0.480057895026738
1,-4.684157147235798,4.726695786513713
0,0.08315669103442598,-0.46357276901072214
1,0.9548945806664472,-4.9107243386344495
1,-2.781054047178629,-0.8822664314475204
0,0.6763630003723174,0.5691698986729647
0,-0.38868702503885355,0.9867812674148674
1,3.557909418657894,-4.58224827307433
1,-4.169400375178417,-4.673546021552571
1,-0.9089803241968719,3.9274246217015776
0,-0.5236611260226046,-0.04427700683707313
1,2.09384781836418,-3.3487064525702435
0,0.33302141975723626,0.3334998603000417
1,2.0632662621621822,-2.9279988509610417
0,0.16280005320472987,-0.7745070505610738
1,3.577261968120338,-3.029301884857186
1,3.60444734549354,-1.1576015470492917
0,-0.6155622392236725,0.02700290126146475
1,-3.6061394780330365,0.1480415460100415
1,-2.652231383553403,3.6399688776613464
0,0.6773393667613735,-0.3526597872070386
0,4.4170657731125775,-2.851864987628203
1,0.06800600602213018,0.9564616399215194
1,2.137136287480235,2.9520609761690846
1,-3.347061874529743,-3.7633797313336808
0,-0.26729385949748335,0.012126906463595898
0,4.760787162303826,1.5819495780854465
0,-0.4837113944620999,-0.10540281345911848
0,0.250017893818709,-0.1499813174949756
0,4.085584822641281,2.5099777825735465
0,-0.10195735575295078,0.18204409450203013
1,0.45961174887434453,-1.0300098352437137
1,2.958886112946566,-2.7538263103843326
1,-0.39939197433421225,-0.1202249597172582
1,4.87866540272388,3.412565404767519
0,-0.018492296639113316,-0.9529584591469848
1,3.5598521674640287,-4.114627608151534
0,-0.07014599820923097,-0.3031876774619464
1,-0.2803814057331466,-4.040660336486842
1,-2.496546266660176,-2.5366045411281672
0,0.45667707560304494,-0.2569889276540927
1,-2.603547246167903,0.7378361687111057
0,-0.9390126945822491,0.057272726000684046
0,0.9920147711078032,0.027389794175734894
1,-0.4327572531359769,4.975356383928389
1,-0.48985848530712045,-0.34202406322480694
1,0.007734026853311038,-1.923963830879079
0,-0.39411036385239323,0.538484056309573
0,0.8497390899899657,-0.12016974727608178
0,0.34395581022257554,-0.4336442662054054
0,-0.7391958315732166,-0.08560819832909321
1,3.7679468396910694,-1.1756629243273797
1,-0.41294582695492854,-0.027390925762802443
0,-0.23841716817822986,0.9135499236109916
1,0.5900882358522264,-2.03983818296242
0,0.14415265780590195,-0.561129708861371
0,-0.15060682507726442,-0.4795285161833766
1,-3.50953713551656,4.891323464284315
1,4.857835186850164,1.1277100391502137
0,-0.6397274390469941,-0.4616008639422318
1,-0.5400479809132586,4.006812050831094
1,4.582802461927547,3.9819214510445953
0,-0.48503151344906953,0.22470105538015558
0,0.5605922096438835,-0.6810405152788498
1,-4.892980343085114,-4.089020244996009
0,0.07665488554488974,0.4262077089875217
1,-2.250815904366945,0.001237458209389919
0,0.06263965358411232,-0.7701822839035036
0,0.8388997664882516,0.2808729060754356
1,4.352143075243288,-0.36310697266198233
1,-0.20613334506015157,0.5666480388608403
1,4.814347773294462,1.1709502642213336
1,1.2274305656599633,-3.484948077322088
0,-0.06897389398653779,0.8734808557735686
1,0.4423513139901417,-0.0015220128724067578
0,-0.3324721296030307,0.584540046443663
0,-0.6428412796401293,0.6151318929861646
0,-0.3076077871599882,-0.45797586542549956
0,-0.263992088889835,-0.6010940031021541
1,-4.648411358397225,-3.378835400960764
0,0.2904344948100088,0.4361721062428059
1,1.6856571363097161,4.4746821485250035
0,-0.5886276072487585,-0.10995600103961968
1,0.5264171445413175,-0.6797922764080571
0,-0.9788617483036464,-0.13623141967080662
0,4.5905194567986225,0.34973876610785826
0,0.13623101108418073,-0.9329742334021022
1,-0.2841201431818685,2.9754406263536417
1,-1.9731283907256614,-0.8231033584303676
0,0.6622463535055602,0.6185149310815794
1,4.381548986414579,-0.03542459821130162
0,0.2343095023981546,0.5910499960604357
0,-0.50879285299387,0.12019700148547417
1,-4.99143199515483,-3.449588459255975
0,-0.21261629983770805,0.6074620377882787
0,-0.6677402114526529,0.6682874540505512
1,4.883475756751494,-0.09219657629457922
0,0.6212434474703435,-0.23184069629589318
0,-0.3074694227119257,0.14464684562712385
0,0.4204963746287673,0.7481762746909688
1,3.237944217721021,4.220490868736041
0,0.3637965812284871,-0.7619427919656242
1,4.964290230222329,3.930639891915778
1,-3.962721295619743,-3.0081490923027276
0,-0.40915470760809236,-0.11869489277358533
1,-0.122074769292775,-0.24242267824041186
0,2.0024594806891316,1.8294318304289696
0,-0.32576280750474024,0.6502138131975388
1,-1.611038618160584,-2.312204937448307
0,-0.06720126774656911,0.14026655438826252
0,-0.1927798635085457,0.49363094551033604
0,-0.8254318221740653,0.1799122381599217
1,1.157847253673156,-4.46252984588622
0,-0.09906907382947333,-0.035703127125282244
1,-2.7854521996423682,-0.5692202644069411
1,-0.8874246446672235,1.0058884883966552
0,-0.8068151728906205,0.5298951622780125
1,-2.8637531105323584,-2.140725588491188
1,-3.750439656780495,4.299122924088918
1,0.42564084842568406,1.8517264877356627
1,1.048841799211477,1.9942712507471887
1,-4.62418782179195,-0.7929529618498354
1,-3.0682869407709807,-3.7656927659378887
0,-0.24424110336189186,0.6947633164875875
1,2.8293972488166257,2.8413343099261335
1,0.16547392019695517,-0.39602290443313926
1,-3.610300411407768,1.9296390329538715
0,-0.7528958796212808,-0.5463661879518316
0,-0.7994795697913969,0.4822821124163166
1,4.206001147307839,2.657909554525038
0,-0.8861796128386893,0.1065502720951707
1,3.901024729514178,-3.5061874987068697
1,-3.6200495596085607,-2.9153625441209847
1,2.463587703846607,3.1494738048692272
0,-0.48090261812886576,0.03847605684595328
1,-1.4970780864016904,2.4838327792503687
0,-0.3826253549914166,-0.08221803299001484
0,-0.03078752745042891,-0.04608868984132161
0,-0.45720998573469435,-0.2087909097601081
0,-0.5224928030434087,-0.0036904266314231942
1,-2.0895706708432327,2.628312526446953
1,-1.7537204914961761,-3.4356106025424413
1,0.36036168885553055,-2.6905153658301515
1,-3.3722392449448306,-2.0578141029511317
0,0.5707051224461516,0.30845197439457034
0,-4.684288932554289,0.728336185281801
0,-4.6634828794140555,-4.433451768447951
0,-0.5249625307996506,-0.10338947412215098
0,0.6791216473672507,-0.5192778569403192
1,-4.346008941825744,1.5343834308962374
1,4.960844086558272,-2.7384283240015566
0,-0.660500092392479,0.09966605728784401
0,0.5347792082536038,-0.8131252980080009
1,-4.1303559940001,-1.293438858766221
1,1.9357341156105456,-2.2160434780075278
0,0.690926409100829,-0.15183074517246514
1,-1.102072629883009,2.4248421595363423
1,-2.9459232992336215,1.5903909784411003
1,-0.17766997371737536,-2.643818716455363
1,-4.565084069498118,-3.951947507580274
0,1.4553973096432933,4.658107591413231
1,-3.514892910289575,3.602501761811052
0,-0.7632988176622657,-0.47329210549736495
1,-3.8501866298891523,-0.526573630911164
1,-0.5476325852671932,-2.4447580725516405
0,0.775863991202962,-0.5068796830542428
0,-0.17199391212218904,-0.9610793486844699
0,-0.33671779863605034,-0.41065404998737826
0,-0.20747807440592192,0.6188064999550228
0,0.3264421930830807,0.13938510659260347
1,-4.143426524199312,-1.7693183083242925
0,0.5366166577434145,-0.4459775958484524
0,0.3782327303323077,0.18654282699798744
1,-0.6127763374837445,-0.4471365625044937
1,-0.7876597190173645,-0.10028622296553746
1,4.954015654440259,1.1403831431858125
0,-3.20905221620605,-4.724991155469919
1,2.035008856768992,2.124332887768886
0,0.17651740819032893,-0.5234685904391051
1,2.159426976013237,4.689060801301584
0,0.11083930068212111,0.34363229074091634
0,-0.2084516164761351,0.4355491070745706
0,-4.703156606938943,-0.08893792584468374
0,-0.05197599937126191,0.6778643384357578
0,0.3062224969081481,-0.7644383466069956
0,-0.5639317111157064,-0.16029142068080554
1,0.4535328427027807,-2.520784170041344
0,0.6936276000988073,-3.936228950344121
1,0.9680975912660056,1.9184196729019676
1,-2.132056705346716,-1.439888468718964
1,-4.920951236295714,1.5021401579953424
1,1.9130856796606839,-1.0688490752814679
0,0.8146835231930046,0.5224906384150118
1,-4.733608312501775,-1.6130878695546835
1,-0.6955749250539678,2.421633352630198
0,-0.5137117327382169,0.5293034985999497
0,0.9821857749500353,0.020175699518358778
0,0.382179739610233,-0.7864179115475393
0,-0.7233524363456064,-0.2822545485217345
1,4.796806287640786,4.059571112672533
1,1.5389040296560297,0.388709681522022
0,-0.5528147558584494,-0.35206383084527776
1,-3.3999105991186873,2.8539346970527113
0,0.3761498832384241,-0.37322589874657525
1,0.15341586942773877,-0.09604541245973282
1,-4.328776394784775,-0.03715001581237165
1,-4.2550216798633915,4.7252743655019485
1,1.29745602751429,2.2351234975204775
1,-3.317734451448626,1.3774476573347716
0,0.016804761253753343,-0.5486828737249451
0,0.9105648873121913,0.28616477391014955
0,-0.7094482806949445,0.37537881281651775
1,1.1137303103402663,1.3046897372600381
1,2.723501242132455,0.9172852372236051
1,-4.942047982370798,3.446227318271026
0,-0.07971773186788404,0.2847919743196244
1,-4.061742033944576,1.8845453973687594
0,-0.2957919916111366,0.8533996213581704
1,-3.7323857732140326,-4.280579342144902
1,3.8230888320548653,2.286457532314822
1,-1.5383415512952947,0.637742127012702
1,-4.676163537382312,-4.563657149187878
0,0.04430295119039097,0.2030365123474889
1,-2.7767360527570006,3.9830838885891344
1,-4.836843251318889,2.9263465821161043
0,0.5011624851855179,0.7529795546443064
1,1.1227449108657217,-0.5483288263908043
1,3.662197727655225,3.8456261053012804
1,-0.161542939417042,1.1368119339001543
0,-0.43736373887830976,-0.24726635860908636
0,0.7039357943646042,0.16997668212063424
0,-0.9633221822243961,-0.03785352610821614
1,2.1148518113691406,2.0399086478948103
1,-0.010870320241912479,2.713311750982996
0,-0.8925075124844568,0.15806810457490097
1,1.7591545169936222,4.191400149228827
1,-2.0980525738504188,4.814179266571485
1,-4.656679011238464,2.8359824840043353
0,-0.7336492721414124,0.5917897616058834
0,0.29555624170649925,-0.9065634741634458
0,0.14713832693250142,0.3547284167149256
1,-4.171996356898534,0.9106868924098099
0,-0.5036835740920538,-0.6449876363745041
1,-0.8787236799380715,-4.810444342363927
0,-0.08022790285259522,-0.6313845268139268
1,-2.082812203028891,-2.307424410918848
0,0.2713555279839217,-0.0844635962388867
1,-2.3893224108964657,-4.960572187859662
0,0.04634443645926348,0.03158521250451375
0,-0.5184294269371368,-0.33991176598245326
1,1.692162059789208,-0.5294859755147019
0,0.2932509778554769,0.5723683938323397
0,-0.41893417848483944,0.8075568092123125
0,-0.06034316037635696,0.82827591649681
1,3.6231255637531756,-4.348800108821196
0,-0.49283678370864026,0.7374020783330226
0,-0.6242745512895317,0.1264955833722993
0,0.8827083092039578,0.06894747878649221
0,0.3877318196750113,-0.3647682682812956
0,0.35220618815317656,-0.18630590077667825
1,3.196320705570998,-0.3214355872959451
0,-0.20038016840551182,-0.4154128010468144
1,2.3073694811272283,4.168792401162093
1,3.418443621596782,-3.8209700115326113
1,-4.768755806470779,-4.242011323569192
1,-2.3000656625689846,-2.384636644562097
0,-0.4076377804591394,-0.021625450953665665
0,0.879021567639499,0.4003284656205573
0,0.5578545239594864,0.5254169021924238
1,-2.8650329459373536,-2.6822280214905394
0,0.6617394616167794,-0.6949119841191774
0,-0.639146457324359,0.6271304106825837
0,-0.6102929501913301,-0.787901947935791
1,-0.3066028453242429,0.5315535835218096
0,0.15452609056155894,0.674891030843589
1,-3.8526959005637567,-4.723432892541217
1,2.38612883115381,1.269736954881917
1,-1.8107478767580294,3.979551832318645
0,-0.5868065349916238,-0.5445243168449946
1,2.663257373125274,0.37759674688952305
1,-4.152788099300325,-4.775201792601656
0,-0.6498515027621689,-0.5369558342381864
1,2.97209170893094,2.358927526558209
1,-4.612401072102781,4.546315408819057
1,-3.097724398836072,-1.7121887437011962
0,-0.31661806534858894,0.5666853645900172
1,-3.744458544850733,1.3914459605927991
0,-0.38220317899797224,-0.5198904065412143
0,-0.479981950214519,-0.09621757325166429
1,-0.28055920704667614,3.452011770778056
0,0.14083491700976425,0.46293367112384987
0,-0.8864327608320375,0.15242115266962958
0,-0.138315625191908,-0.3318474949924301
0,0.283755910590959,-0.820923017951381
0,-0.38413323624783036,0.5665186670573966
0,-0.8477257992910009,-0.07296403009172445
1,-0.4986832925949071,-0.1162737743874199
0,0.45014610715432263,0.40814849463132136
1,4.339714155641043,-1.8076873827154616
1,2.826045362277114,-0.044806025172383634
0,0.6905981669196951,-0.7170654201319244
1,-3.1902624500269168,-3.9100990986902744
1,-1.119154625864629,-1.1055950626099547
1,1.4846016212729602,4.90901645762945
1,-2.9208275307913834,4.635332164176955
0,-0.09851945897992816,-0.8020145170790929
1,-0.8276109054437275,3.8333755974168398
0,-0.4951079090833047,-0.5213200857382051
0,-0.6028989245368612,0.17186007659628924
1,-3.2998331997644743,2.8968692945542744
0,-0.5437053713035045,0.8244139435779367
0,-4.03885658289532,-1.7881142266901728
0,-0.48608676296876385,-0.7702189408624035
1,-2.338731064371276,-1.5307133445910026
1,1.2949722536982544,-2.2355477713366656
1,1.4237451689581766,-3.2334843803137936
0,-0.07932665141978802,-0.2458788359410222
0,1.5125670346687077,3.158520982143591
1,-4.2086445087905835,-4.305387537906475
1,1.9139535954095133,-4.914123071926767
0,-0.09773696354772363,-0.6206212091366872
0,-5.546400406064566E-4,0.4078315953620266
0,-0.10189364406036246,0.9242450609423273
0,0.5313784708924528,-0.5372243698913224
0,0.0640646738544517,0.29776703703841384
1,-4.255283523362138,-1.631827137120239
1,-1.5612700697119253,4.551567748421648
1,-1.5290076501245724,0.9929951511396817
0,-1.1351546455239387,4.855930992624351
1,1.5784546625422942,-4.319496297137083
1,-0.09954390559494092,0.915922698649595
1,-3.145951213858382,4.700929749413964
1,-3.8975017068080775,-3.6699875813427987
1,-0.8132531127701648,0.8624165435653885
1,-4.268118385758726,2.3715699299999993
0,0.1379504661232168,-0.1723367768569768
0,-0.07303490672119847,-0.5695401451618394
0,-4.510124769333442,-4.574000123812699
1,3.6504999398404783,-3.670268256738414
0,2.2778021932381822,-3.7703893536647137
0,0.04225625696916294,-0.5223126588944823
1,4.039720330413465,3.022105969505361
1,1.6638974330570688,-2.9814560184523935
0,-0.535351567302008,-0.7695690707555081
1,3.734166632954852,-2.7072412974864375
0,1.0600321647298416,0.3340017404240092
0,-0.8837935199250647,-0.10948863967997609
0,0.8598313397907759,0.35713766700119015
0,-0.22875486530036326,0.9414025126200579
0,0.26271599374936117,0.5174702953068341
0,-0.33995756577118247,0.7978194318748085
0,0.6023676541067697,0.048451811961864
0,-0.15916795855035099,-0.9765827102001917
0,0.47572670489395286,-0.7676983070873369
1,0.3974591721950481,-0.7994878146005717
0,-0.7330794828882135,0.48509281872192656
1,4.81938206722846,2.2205132663785667
1,4.400158986181978,-1.7798257467496914
1,4.185741596409564,-2.9708377324003976
0,0.6499096002934767,0.23526283272971651
1,-0.7300277421782029,0.6603834075873489
0,0.32863697444732415,0.13191921807492726
1,-1.9878608673285214,4.691507020654565
0,-0.7288653578579743,-0.29644583282173703
1,-4.475985347191123,-2.8591260455222893
1,4.369871466186048,3.118620801749068
0,-0.6534214110781106,0.18825633935515873
1,3.950347161817266,-2.4204577983853444
0,0.612296858261769,-0.5404409101433653
1,-0.5045553942541786,-4.552060502349207
0,0.5987133015470015,0.27004350993709975
0,-0.26833350098902864,0.1902962770988117
0,0.06709755419864263,0.25341772848154925
1,-0.9673422754121902,2.2724137163413527
1,3.397981532148859,-3.999885315768644
0,0.3489613621704055,-0.2797231362998795
0,0.19348451022374666,-0.29624070594229573
0,-0.7542730240089915,-0.4897365326762626
0,-0.003681729829117375,0.12239577429239447
0,-3.2102740987722465,-0.5369361631338926
0,-0.5701822846631466,0.7418248372102421
0,-0.7609997654860613,-0.1050715970682688
0,-0.7100662549193592,0.4268066691396527
0,0.3384836590666686,-0.5037917178015703
1,-4.485545355742301,-2.1299988936123686
0,0.430807662358351,0.4352194149247694
1,3.5782260862141406,-1.020222519063589
0,0.6832110101511369,-0.07080197714303288
0,1.1699551217474713,-2.097821292081648
1,-3.230153322182642,-2.8248195540131493
0,-0.33155332109655533,0.18917439107361936
0,0.4658446428179173,-0.33789108687990843
0,0.7339313226883802,0.5162619846549833
0,0.006988074514999386,0.7186781209062346
0,-0.42421639934351757,0.7357803197877686
1,1.8722322264556674,-0.5908829743351879
1,3.57542577272586,2.675831807943973
0,2.7686232362199883E-4,0.6566666882526778
1,1.7021603518120498,0.07595354467189563
1,-3.6278325897161148,1.8899299282511817
1,3.8891546818141114,0.5544996968305366
1,-3.687430939421699,3.9740376938504864
0,0.9267430510482925,-0.2197695365267292
1,-3.185842680515325,-4.2573595956798025
0,-0.04534468826202366,0.8917865489143166
0,-0.8169866186483651,0.1622315164056726
1,-0.35443984003972306,2.6009398221422995
0,0.4695331681096868,-0.1904277474989945
1,0.015741615726910796,4.491368385274836
0,-0.4410790716594733,0.7522109463652368
1,-1.5166641613026628,0.1274659538141215
1,-2.5358998779896087,0.32721739171659325
0,-0.03863246651480843,-0.93734727748538
0,2.154742456175156,-3.4400107100488664
0,-0.14702142007562907,-0.8043604198342007
0,-0.2200321602395632,0.30608456055600974
0,-0.44375732182534994,0.8199706714637546
0,0.31393290835991006,0.060426817708335495
0,-0.3979680097181896,0.025297643261984745
1,2.715409694114725,0.6003811072705356
1,0.2518512148696092,-0.4368555747599901
0,0.666504970768455,-0.6818856123729459
0,-0.08740798479028972,-0.3919036986619108
1,4.323710604940186,-1.063686674059332
0,-4.1706615538536,1.0666529841353267
1,4.202672409125886,-0.06691931512872451
1,-1.2181688744958712,2.759644369605463
0,0.24479518382561227,0.2859802111355572
0,0.049761008636735604,2.493458418462413
0,-2.1867314643300944,-4.842870100649814
1,2.684838312941957,-1.6546264669498756
1,-3.894648599748425,-1.6605071087780114
0,0.5971479338560106,0.035356126231017804
1,0.20073158116639264,-0.3809318410513336
0,0.1711499732832356,0.5998778511273728
1,2.5160931487237956,4.822739996684019
0,0.0685533824355003,0.4992626702004854
1,0.2397913794551508,-0.7010943201223749
0,-0.7384104225871497,-0.4919040761526015
1,2.1780763716079155,-2.222095995829667
1,3.1711225613900007,-0.8555617801597099
0,0.375774595962656,0.5097285357450454
1,-4.300642205782491,-4.890521290387784
0,-0.6191807618826328,-0.3375321502227743
0,-0.27442576825906123,-0.6420331763719686
0,0.4774308780567096,0.7975737755004532
0,0.03899185630550375,-0.4782137323652238
0,0.326374065816599,0.6135213092647124
1,-2.632263101029157,3.6265948817187543
0,-0.34088765517436403,0.12099645925825314
1,-2.3312777224858405,1.3124697879301124
1,4.788831983596353,-1.7256110771555329
0,-0.8148267046370941,-0.33772843584768897
1,-4.967197427454345,-1.1857377253145363
1,-1.2456103294780991,0.5141865219880098
0,1.1511476837628347,4.447256616340494
0,0.8796986750200879,0.3655963663236483
0,0.13919908732996428,0.7487910519908455
1,2.4910264333411822,-2.9253365520835195
0,0.6231675995726723,0.5310237133292105
1,2.7084486379296084,0.1443267191781744
1,1.2837242431972768,-3.745789450536665
1,-1.7020723658119918,2.99727379054173
1,-1.3747161289717325,-3.951732251711919
1,1.6342390788568317,-2.783829112734913
1,1.6246872138289037,4.156241761981105
0,-0.20073872460828332,0.23567459006710945
0,0.696251264819299,-0.5458391636646426
0,0.5483038888711036,0.7092970324172377
0,-0.561680822298368,0.027056722733498666
0,-4.357026094014863,-1.9005690821192378
0,-0.5452919921531558,0.36719994367959224
0,-0.6496244871006646,-0.49422887042043784
1,-4.841351815031294,2.3628872648045354
0,0.5830974456467535,-0.5691748148399042
1,1.955262411917248,4.631048878789371
1,1.9007022090311376,-3.8478307035150316
0,0.6618299417773101,0.029003751312156212
0,0.8426666080621569,0.035734344269838535
0,2.7030983793323693,3.581479652788602
0,0.6452625800765522,0.14082495293971706
1,-3.4679036773080356,-0.1655385713513291
1,0.0343195068843305,-4.127224774209035
1,2.166234147117087,4.468189474623167
0,0.38144938116474714,-0.8505415910827282
1,-0.08625549050281969,0.9182396823837671
1,-1.4847071303892219,1.422106085967042
1,-2.7177337107465425,-2.1406342129339
1,-1.5456608486445682,2.88243354117784
1,-0.23596291529088487,-1.3790397129570453
0,0.17569183640395697,-0.5029608194490122
0,-0.28012314975814306,0.2341562075058751
0,0.6782947703130576,-0.5820680707142557
1,-3.738803526558792,-2.5061719914980385
1,1.5668566904001198,-4.416686776714866
0,0.9659095480895488,0.019240707410756775
0,0.683163013158374,0.09630332444390292
0,-0.30588495145145667,0.8874866989741065
1,-0.09560403575980536,-4.719895606318999
1,-3.6150864402389797,4.858455280906488
1,0.31749780768656255,1.5803693772751515
0,-0.8466473096615187,0.3463735030369254
0,-0.27495019861402126,-0.7895572948846591
1,1.2523010250265392,-1.1014300239620929
1,3.449647408149433,-2.197506794988831
1,3.4182596132177183,0.6852906318167884
1,-4.506582045460968,-1.9486266722041357
1,-3.880058643478735,-1.0224251496075254
1,-2.764554712142939,3.023378917473588
0,0.05540071380957146,0.5920063898747481
1,-1.7855112912889537,4.460646216151233
0,0.010253694423882851,0.4788930495279608
1,-2.431972316085871,2.876681018824817
1,-1.241721604851691,-4.482587611450367
0,-0.5273529102405108,0.8021351169965195
0,-0.1358949237905699,0.8525308616227075
0,-0.134819065037495,-0.900144256754165
1,4.4553339378048475,-4.618738980426236
0,0.6268353982247563,0.7518743335253525
1,3.261428474282792,3.87053686162092
1,-3.1693302728554906,4.684249743585628
1,-1.0769446246382146,1.9368583606808483
0,-0.1906705697612829,0.23662448919161516
0,0.9215233224993293,-0.04189731579847023
0,-0.20620906651194212,0.32464763721606765
1,-4.629593629962859,3.0051535781596717
0,-0.0024473383003899207,-0.41331515468371977
0,0.28018844085426864,-0.4064928302097045
1,2.353603034015235,-4.480935507956108
1,-4.089949834310894,3.822258878525643
1,-1.8330497902803184,3.163596091019985
1,-0.28308749142175016,1.1569673287282405
1,4.423833085947905,1.4395570326132734
0,-0.19922765719543184,-0.09434076942771101
0,0.26590454678444986,0.3876772980053435
0,0.07831281121721487,0.1171812587252271
0,0.22689226296863324,0.25490858887441453
1,2.992417472594097,2.728091011516492
1,-4.803778179164348,-2.1521984573376396
0,-0.1023785491495507,0.6411415135767519
1,3.961349922951036,-4.33417976597185
0,-0.5529250570606119,-0.06448252601316753
1,-0.4444598469163613,3.6656038884340396
1,-3.2188941028849927,-4.625827305606622
0,0.2528513362440318,0.8757822148535682
0,0.03754925933361068,0.43466485460468957
1,-1.590029658792812,1.9793702145037073
0,-0.45744679883692163,-0.40014639865035895
0,0.5510242408763136,-0.3828405872229573
1,-1.4305626638159104,-3.398078834707232
1,3.2676842817912815,-2.0601862976966734
1,-4.873610920904045,0.4344017937557809
1,-2.9165164523630347,4.98432087490807
1,1.454694439608465,3.460447025736351
1,1.9532986242578958,-3.584877412101201
0,-0.7231976530521782,0.0520747953591492
0,-0.24084921929497002,0.8643212172506463
0,-1.973273613140389,-2.8965999858753033
0,0.28565607067419513,-0.855592512192025
0,-0.15779391701309745,-0.19644734424456023
1,0.8626428663231176,0.010649853352027373
0,0.7817095644973262,-0.1989232792060647
1,-0.6750427030382711,-4.337614570815928
0,0.5211021063282923,0.392921535692621
0,0.2756680695524084,-0.01649646474689397
1,3.381300146855621,0.4774282934231838
1,0.4576165264308848,0.8091337645125968
1,1.6248480749704997,1.606908453807962
1,-2.3304153682096853,3.7420225782846024
0,0.5288633982801233,0.16466459471373998
0,-0.5151772958158845,-0.3527326504280519
0,0.5150276613636228,-0.00919359922438083
1,-4.170106966719708,4.489951384414939
1,2.0222347204463444,-2.567737158340979
0,-0.8952011793102751,0.2733135318897189
1,-2.853463195560362,-1.0703880090295321
0,0.8861716150719868,0.15763996680153608
1,3.730870350863201,-2.1982428470776467
0,-0.006146417016380867,-0.22712720959693639
1,-4.06198172012429,0.7996477432271376
1,3.0985495702916594,0.4695893878302049
0,-0.4427547147778147,0.08057792611731776
1,-1.9932219833952654,-1.3473045787815718
0,-0.09243565559084461,0.2989088909994813
1,-0.5779130604554433,0.5854205569257726
0,-0.27998745214901344,-0.061782342725969705
1,-0.37008672831285117,-1.5293646234238962
0,4.239516109072209,-1.6322112839779679
0,-0.691191784227214,-0.40796474879251193
1,0.9885235490048327,1.9896296686118702
0,0.22311990334034904,-0.42561084338406
0,-0.3212159833799566,-0.11769480731695671
0,-0.0802108991135988,-0.692303053990762
1,0.8307077295527737,-0.5739054805802923
0,0.384810691927941,0.20627015334067955
1,3.875891847367492,0.6776938879417116
0,0.3764132277267373,-0.8608989962025652
0,0.7206473558880532,0.2584759457918982
0,-0.6720872532372524,0.683414114855574
1,2.0414678534627635,1.7638730013574073
1,0.7866970223714703,-0.4832359108391987
1,4.656254242226367,-3.1446609586382697
0,-0.5236961650501291,-0.27349504156882165
0,0.7044429184141339,0.519799437445456
0,-0.3229262850999465,0.7907301654519638
0,2.793969545117566,-3.8762524830418146
1,0.514470040604314,2.0782798482882274
1,0.8180189883843525,3.302093498199896
0,-0.2549384207208723,-0.11010936413318757
1,-3.054898898738241,-2.305062720079772
1,-2.531220791239125,2.1579706669815706
0,0.955032651119366,0.024921863381854297
1,-2.5166764628838525,1.22429494168175
1,-2.5081874675102407,-2.274553806090984
1,-0.17001884701808265,0.7594831312175694
1,-2.0403622602087976,-1.5496467775088423
0,0.2768042581743548,-0.8540967218283223
1,-1.2320528536600295,0.38163878677251517
0,-0.6176471739289473,-0.5630492527198194
1,2.301357774627824,-1.77044763186893
1,2.986572023238928,-2.7267693270293396
0,-0.15674955219950887,-0.28419015742760845
1,0.5220629493579815,4.077863517235797
1,1.7933508707589203,-4.256222427386179
0,-0.6279962876455536,0.601713696079539
0,-0.5033056956876988,-0.01527306239028677
1,-2.1071118216199998,-3.433668515483294
0,0.5670792450036609,0.08707026829677639
1,3.8102256169040682,1.359581288311777
0,-0.14342510481731982,0.656685265077124
1,1.2447152468021567,2.1889435625479408
0,0.14258219140364656,-0.35604343415723505
1,-3.2977260693704817,4.497843909747246
1,0.91974178240462,-2.7686502619267572
1,-3.8345722987492863,1.2574536569786936
1,-2.645027701796869,-3.5164334228210725
0,3.0596299778932297,-3.097342056585153
0,0.10477791645014668,-0.22699692365250296
1,-4.2450549233671495,2.153592343179555
1,2.1760597264659283,0.6398094743765909
0,-0.39785300920457567,0.32920982392685705
0,-4.956690339477541,-3.332876467788063
0,-4.723441100156117,-0.8518931028113313
0,0.7309058423177308,-0.29500307568034645
1,-1.027299376051451,0.09873225618271364
1,-2.0484406105749886,4.44380244562038
1,3.7588826975681044,4.523284647884253
0,0.6474693663733881,-0.5833550836474056
0,0.24200913503980187,0.1776544163999623
1,-0.2084177627214734,4.126308991902169
0,0.13177787006121255,0.8938696344286535
0,-0.4044707640975702,0.16631841063510402
1,-0.9144128581565519,-2.8581249828391124
0,0.17914884872870335,0.15649717512185135
0,-0.9380341702393454,0.14657172243313768
0,2.8223633777361528,-2.982862957889444
0,0.12596672355335178,-0.7386524000064977
1,2.097951132004377,-1.147888141536979
1,-4.076255392055227,1.1658163153505536
0,2.687924397941599,2.5337265291868234
0,-0.9517167286416541,0.11626698732146688
1,4.825636621334857,3.0119406475561155
0,0.2793803541577484,0.5226139991014082
0,-0.49504287069798564,-0.7900228662811886
0,-0.022991171469095018,0.1255902804536413
1,1.6869136097330735,-2.5099757198642596
0,-0.9604403222054243,-0.16599657723425726
1,-2.958018508841142,4.438790294098238
1,-3.2844693842169685,-2.129254975640033
1,4.551968428344532,2.252048940439933
1,-4.769625877738553,-3.7777028960217947
0,0.11969188630986757,-0.9435277187730137
0,0.40928053831552275,0.1986995128753628
1,4.0926902813824615,0.25916180055482074
0,0.10313562326962883,-0.30953655455103524
1,0.1253851627366534,-0.6769269415206907
1,3.207021837769779,3.7118791074640027
1,-2.6646358811355713,1.0389170730570885
1,2.0614533896267395,0.11192632660470492
1,2.823938623668734,-4.309457306401695
1,3.0628437245646776,-4.925251714516325
0,0.3249141406778472,0.5295752940447774
1,-1.947649962334076,-2.293838632730579
0,0.9717921182521634,0.02500055097044311
1,-0.1892841847816762,2.854459916343619
1,-0.07094335866556278,1.4266368073647329
0,-0.17285346785718445,0.08474085805508756
0,-0.5145158353930555,-0.24105581161023992
1,2.0125232017507804,0.35422876351034804
0,-0.5695723713421503,0.03821428021187777
1,-4.687519290394961,2.371337682402224
1,-3.0470801221978894,-0.5331503144750543
1,-4.2912287579978035,3.145749559785939
1,0.8636355281457625,1.0547348963504677
0,-0.5550326081898548,-0.23419103895233576
1,2.1387105066139727,3.110673346990122
1,-2.1687553071895134,4.129305895254676
0,0.11941621411311325,-0.3542574674512478
0,-0.3102771803429211,0.28050440023587897
1,-3.5289110762394142,4.684226536579464
1,-0.8657971120510094,-4.724760108165874
1,4.055277762540054,-0.5188634159677996
1,3.714830123568102,1.1334017042672544
1,-0.0688484504174941,-2.312981347646439
1,-1.3511398504371053,-4.737432857465034
0,-0.37510177999583894,-0.6248161178642806
1,0.45290029055330805,4.998969530943769
1,-1.0453461712274692,2.1468390083983664
1,-4.109734679418054,-3.3071506872081273
0,-0.2259593808946557,0.7716839752681045
1,-4.059302138593927,-3.812257370425666
1,2.962909051255882,2.5353975186795457
0,0.5032511644128623,-0.05969816068899534
0,-0.6603727473149407,-1.196839538194197
0,-0.7064945749978188,0.20579497164047986
0,0.6020408949278843,0.6591940287078221
1,0.37381534931986427,-1.7364983302223291
1,1.0321669806282652,-0.3501553308090771
0,-0.32359440820268925,0.8751347692188591
1,-2.209670106034652,2.3240600717273536
1,-0.850783069099918,0.976567094071526
0,0.9756265284134417,0.023596314678386306
1,0.6396776364887913,2.2924012329569683
0,0.6452577116728033,0.24861532550987503
0,-0.5390356822779635,-0.7474695315023935
0,-0.06644023937453576,0.5872293620556652
1,-0.9329781528456693,-1.630027772477049
1,0.6741560646807021,3.9657955128023863
1,-0.0870144645754245,2.7347559755881843
1,0.1447154163653097,2.692303867691118
1,-0.5712305513327325,-0.5647026849182776
1,-1.1685613892849345,4.4454531023644375
1,4.387448739807605,1.3861456465538646
0,0.8856353448158377,-0.2348872033619372
1,2.918211474211546,-0.7874992355752736
0,0.047399076020189626,-0.9216084984450841
1,-0.7225821685436656,-3.6715795557328605
0,-0.7208606783550552,0.41097905083069475
0,0.9825522901647027,0.1468968440709507
0,0.03348537169439487,0.9052409491320725
1,2.7087417705171193,0.4541886323431288
1,-0.0032699241579153826,-0.7585968523532538
0,0.3471689869264206,0.6178099640058797
1,-1.35652418681538,2.3643251767862106
1,0.9949084177373402,-0.9406649735179967
0,0.4307225203684322,0.8302706058667427
0,-2.445946994256886,-4.006191480690228
0,0.4433986822857306,-0.37177582295923844
1,-0.3540040831654656,-3.331165849753769
1,2.192410143169941,3.733578672584923
0,0.5209643960789169,-0.0480764146938392
1,-2.3943642171192545,-2.376407984005193
0,-0.16638592461982815,-0.17801790057431152
0,-0.11430490117758917,-0.36777797883269747
0,0.41746258331398417,0.9080377278561732
0,-0.646621752920266,-0.653207752219674
0,-0.39159575679928554,-0.29300257659310996
1,4.009542175070756,-1.6814618936990322
1,3.484629582889196,0.10803119310521914
0,0.23591997561693578,0.9063147839169686
1,-4.194942478053365,-4.06509699568799
1,-3.7469260122553605,0.7032181361294193
1,0.3783381751192056,-0.6982369728797873
0,-0.27864528271017996,-0.6706535084210411
0,4.677856163652271,2.351174563548564
1,-1.6281805327320664,3.9156811292615235
1,3.353235930942611,-2.4443764453640666
0,2.5114076864099717,2.32073421884131
0,-0.297382730372303,0.42752486124819894
0,4.460836406539314,4.188078763451171
0,0.4750786278765239,-0.29215467277275814
0,-0.10903928397377977,0.042133989391716524
0,-0.11251496135523334,0.8959970695417981
1,-4.244930095950775,-4.420427621680078
0,0.16770309268059308,-0.793262238949755
0,-0.41780011059591116,0.01612871444920713
1,0.7425694589540716,4.818801788744249
0,0.21522955915737182,-0.014470427348842182
1,-3.871551870003821,-1.751054115603174
0,0.3153685699984273,-0.13028373466072257
1,-1.3362018484876663,-4.192566263601088
1,0.2087935318571854,4.875289475534732
1,1.0236723891172672,-1.9431631883192573
0,-0.5321375572097343,-0.6153048722854205
1,-0.20117989470523845,-4.913288417686682
0,-0.9534877467411661,0.1513972218711238
0,0.21393280689103983,0.6947159471581078
0,0.5857704390122367,-0.3346742316529146
1,3.3550334875593224,-0.2784412742758574
0,0.6774770085286776,0.4308121712238683
0,0.11742479053379505,0.9873207469577197
0,4.288947230104097,-3.0444726380032345
0,0.21620900237902274,0.8930795028082559
1,-0.06482874447268083,4.702598232870269
1,4.274170411235873,-1.7619829125502178
1,2.4925022536512325,3.30954927065238
1,0.6120187501576174,-0.26818100805984457
1,0.7747274712900264,0.4683907291193226
0,-0.10313328528091675,0.43492942885421354
0,-0.3783670881338753,0.17208812530938708
1,2.9642602538302274,-4.384150926456748
1,3.6831933911644894,-0.3459630801821778
0,-0.15014454722845516,-0.7769252837800216
1,3.626346801022158,-0.40473633081296256
0,0.5631450563497814,-0.0028950873427378834
0,-0.6408237213708038,-0.6929351877591363
1,-1.3740705996564766,2.277897268446893
0,-0.8867536794866345,0.42634757899287334
1,-2.8043442246977546,1.5318014880378166
1,-4.219448641813599,-1.5474819387013827
0,-0.4049327643494483,-0.8573694955853467
0,-4.0043112003524515,3.730374810767692
0,0.24200071741377624,0.5780014707064928
0,0.47161973895169235,-0.2770830619334164
0,-0.6171525691307588,-0.39878294940944475
1,3.1202843984656896,-0.3408830805567564
0,0.2639212156836675,0.5637817336421613
0,0.22428207371043016,0.4775354035897961
1,2.119973818444633,1.1832239051909477
1,-4.726848503452617,1.2659317312177198
0,0.47275541395877085,-0.6817912759345324
1,3.242492185012705,0.2907823181856667
1,3.363839739836134,-2.006517230321796
1,-2.7517593936110933,2.640546841856735
0,0.08802605063533728,-0.3305562375614902
0,0.07440888557230763,-0.10929851718019896
1,1.9317725341759018,-4.791014783917761
1,-0.9677139057247486,-4.52308883250243
1,-4.269350783341005,2.1500419451491544
0,0.5055330293166873,0.4854986967479369
1,-0.7208976277012374,-1.2657744144473415
1,-4.057574451396862,-3.9404497334790802
1,-0.18067495095750294,-0.05901287579109
1,3.2051982264782053,1.4216697691347928
0,0.6015327062681963,-0.6620363106767474
1,2.577803007167241,4.320862702758078
0,0.3285909889969392,0.3608972515220992
0,-0.166846103454244,-0.7654377077706801
0,-0.4608724760719163,0.02638825874754579
0,0.5133205627897808,0.49565261448269127
0,-0.4665275245376088,-0.7822237701410718
0,0.48264017758962224,0.709384606895004
0,-0.23994137387343778,0.5283193088150477
0,0.07113434988035325,0.9171774224487846
0,0.41176907166435445,0.7043165909518365
1,4.053172941330153,-1.9680627180300914
1,-2.0500978210793805,3.62948186360772
1,0.37508601131850344,-0.38224123946495625
1,2.365449556896296,1.7625471822644057
1,-1.7009718904179598,3.0557419619867145
0,-0.324097752967613,0.41106602044405
0,-0.004748635072786077,0.13478031416200828
0,0.34528889548023833,0.4373411253571148
0,-0.17790564917154933,-0.8108860506695188
1,4.7666654172180385,1.546113181320405
1,0.7074892249039305,2.4264245050959388
1,1.4390602887812276,4.949312279259747
0,0.2896678528929488,-0.04040888368498014
1,0.3657166234096499,0.4291740758995639
1,4.30734940139523,-4.276848168368196
1,3.2056172624480253,0.15092985734491748
1,2.232790561904254,-2.8396949166484085
0,0.416085711804649,-0.029958654220273793
0,-0.3813669119228409,0.720807900573605
0,0.8025188687904059,0.42842211962171634
0,0.3142312283037959,-0.3773411919406013
1,0.6255955203756908,-4.317637144510027
1,0.2838800475087083,1.9589411542289148
0,-0.05022397056041728,-0.3443643107125604
0,-0.24744741788021532,0.6759793997280175
0,0.6651550768008125,0.07019748456987006
1,-1.911240787417784,3.809309478156523
1,-3.932853673089822,3.6614266290028237
1,-3.5603080892308956,-0.34019226467473074
0,0.38146399705936734,-0.7591791600164624
1,3.4159687580596634,-3.2701227832155224
1,-1.6548740958730472,-0.7707143966327784
1,-1.4673997464857509,4.494058102277508
1,3.1011242343234113,-4.16141620501386
1,-3.979459237362591,-1.0414030202528952
1,1.6779344167996002,2.042893243779165
1,-2.491475007912901,3.395762724106338
0,0.968558012300283,0.2194057307552008
1,4.322602983944382,3.766512242819566
0,0.45806038665368864,-0.5865475279086044
1,-0.4196445978341956,-3.1660033176238582
0,-0.6848626593118438,-0.3863485968593356
0,0.8108541004184742,0.28398473266185653
0,0.16027049162143245,0.16209253641032043
1,-1.3135149832772763,-1.4400389234994586
0,-0.6417713495012953,0.5523704216904998
1,-1.3213568799379771,2.842888962284949
0,0.40275623876860106,0.44480661293838625
1,3.814459707480115,-1.6408079002561409
1,0.015279989836157042,-0.5600011597767321
1,4.326265655826585,-1.567348056468996
1,-2.0344933333114437,1.48154029648491
0,-2.642006165560095,4.83526516557135
0,0.0815058843073515,-0.6605074076525358
1,0.7197362203927932,3.234863831398122
1,2.6609799953693885,1.2654309896215339
0,0.4856087566594513,-0.5929566201522143
0,-4.853477183216282,1.5093534769487431
0,-0.9183230553795967,0.08583285741021329
0,0.8948840320965565,0.062051839952847285
0,0.7045219171288184,0.5796121990061351
1,-2.663554823775713,1.0036416352602577
0,0.7088088619255527,0.06298143546828781
1,2.6581780816784035,-2.0357792364165306
0,-0.19006624480569906,-0.6019353572859224
1,1.678052383197105,0.6246133713462548
0,0.06811595772929491,0.06636588954363418
0,0.8160704291004376,0.048174461521516165
1,-1.7475359464372264,1.7650036848848254
1,-3.2269262111077204,-1.6490239103052429
1,-1.1395898053279025,-2.4912714270026255
0,0.7516768714045291,-0.2215450508182081
0,0.1459800525428574,-0.4721501027926463
1,-3.3414085374126854,-0.11591581039610055
1,-3.9090431487822346,4.291422308302958
1,0.05052422428950741,0.5407776417735621
