Pass,Reject
0,0.9831727015865968,0.004824111117947651
1,0.21986901566208575,0.020605944216690188
0,0.29977654046503355,0.16893983345906616
0,0.3419831003369235,0.11433198171284364
1,0.30859069541700535,-1.880527285460178
1,-4.560099582681914,-4.182121308743875
0,0.8937015007488027,0.24665276952880485
0,0.8541946431942827,0.0251629007143608
1,0.2528900764121438,0.1364946423005389
1,3.0189183401440634,-0.4865681848298026
0,0.732960547636887,0.6356682376910977
1,0.5467068952147565,0.12337341599951761
0,0.897483878992865,0.07036333454809254
0,0.39515328284868634,0.16751739558419293
1,4.511194283193661,-3.035161188960762
1,-3.024337808825796,3.3522828388232035
1,1.4743517333668392,-1.1101022529676896
0,0.679262881100346,0.25925101808861495
1,-0.5316627847700234,3.3493813662134606
1,0.17631524341739305,0.15313310766064758
1,-0.1950678125714439,-3.216354008548637
1,-4.03869324584501,3.6597957364308105
0,0.6402322246437617,0.6029960501425753
0,0.3967915288598887,0.2098526815363332
0,0.7756777455155849,0.18243906444505242
0,0.37649977244213295,0.12666170253093942
1,-4.531662364648676,-2.5741797657662784
1,-4.558776681018719,1.876364049911487
1,-4.479929065044855,4.3679432718011375
0,0.7125104951737439,0.4635144580052527
1,-3.777323644848907,0.22254663599132252
1,-4.576109506177529,-4.408505666411704
1,3.4581421335872347,-0.5008156166954753
0,0.22761062963660478,0.13317013720761817
1,-2.925404775229871,2.8517638271567236
0,0.5390684592494318,0.5012589441895712
0,0.7938942316411051,0.49618599535397034
1,-0.02132000194053907,2.1471831581536964
1,-3.0783535244190228,2.3524839901519186
0,0.6113843011115407,0.16116705087507277
1,0.8717907725521756,3.1308323766595074
1,-3.9454347870470112,0.5859106766037459
1,3.455013242609369,-2.462677658125767
1,4.1225705304226015,2.1697095794985177
0,-0.6288018256122524,-1.7343245044753446
1,4.107855577324138,-3.4056561380349093
0,0.7377831344952569,0.5186008220977698
0,0.7786890749575023,0.14326852753298186
1,3.452478552801886,-4.8732894427560165
1,0.17623158683017892,-4.543076774736454
0,0.48979059841447076,0.43894709742576293
1,4.847184951429364,-4.06030039377531
0,0.8068874776322532,0.4726766804368932
0,0.6434258681099644,0.08774618992726123
1,0.3706623687765904,0.32583942726326387
1,-4.722539685915693,0.883873947845859
1,4.468837803486003,0.8858212587169589
1,-4.959461234400258,2.5142092215707335
1,-2.821136665118801,-2.1921970367120562
1,-4.583191127610746,-0.45613094602534765
1,0.980050185997868,0.18179221937043802
0,0.44109264756926525,0.11998028086591524
1,0.7077002475994305,0.4608038739048434
1,1.492557224237792,4.430166441023032
0,0.6333521172729006,0.20101386594633716
1,0.5989241412951402,2.921162079822703
1,2.694605274840463,-2.456899092804921
0,0.8354848869394591,0.033402428619886584
1,-1.4449617656225096,0.5836747924753344
1,3.6975993167078554,1.5753159158686025
1,1.2302151635834262,2.4794082172276495
0,0.868197583493829,0.32403085436413587
1,0.41623473368051606,0.15447407249575174
0,0.48767985158153343,0.044929346993365
0,0.40630153342535097,0.2603131776187741
1,1.6227155468229966,-4.582879918538929
1,-3.6416952970080474,2.279220095462573
0,0.876325242804793,0.04269979080411501
0,0.9038263718154252,0.03389360633654843
0,0.7417444659345176,0.3232080984255692
0,0.8629650843528178,0.0288644690894348
1,0.8186178239161294,0.5266780057688559
0,0.5586656568854387,0.04499987866161378
0,0.199162656591823,0.04638307351724327
0,0.8498812302826506,0.019490093536918503
1,-4.1874889944978895,2.6300815438943568
1,1.8959591448183795,-1.0798424757152998
1,2.0704688479546975,-1.4220891442535195
0,0.7279155148719743,0.685629600251262
1,0.7948621297186054,-4.6424160872677085
1,0.31790506169999794,5.018408008120282E-4
0,0.3396276779552754,0.2941415911494271
1,-4.885918732867404,-1.9125010684138806
1,1.099472440309817,-0.2682256184601989
1,-4.480172077918083,4.458317556680764
0,0.6254187187411847,0.45383940416934465
0,0.5390838265680824,0.07232455007650669
0,0.8864552970984838,0.024497608617327134
0,0.9344110289854533,0.26266872005318875
0,0.7039022202438733,0.04130976383001273
1,-2.549587728961251,4.468216900934617
1,0.2468439134705852,1.4731542627103917
0,0.6453381074171731,0.5729385870014431
0,0.2945563931806905,0.2694360453169243
0,0.7159482452297339,0.6961320783449211
1,0.9168012504040235,-3.730273008477253
0,0.7965069223179377,0.21708463385349244
0,0.7253666450009695,0.025727407260528787
0,0.9408608680148532,0.11515952011661297
1,4.981133646622958,-1.7209682252240033
0,0.19851737387169927,0.04450383335160115
1,-3.899250163579439,4.513535597772503
0,0.8883304047447279,0.2680599284769717
0,0.4380036926008386,0.15078626395101974
1,1.0915496127047286,-1.5713241890252483
0,0.648551215599535,0.5026095107919705
0,0.3950527581167411,0.1848312937771739
1,3.684132735382068,0.8595040646294999
0,0.36786637024768465,0.05503472279673132
1,-1.9660516942724282,3.812516255614546
1,-4.189103841110553,-4.645340212365571
1,3.6568107326742454,1.4197421730273168
0,0.6265580002607124,0.37235965885822353
1,0.06842419217755857,0.5044186024027819
0,0.1993497047605496,0.1414954894833029
0,0.535040487827243,0.43509962445069883
1,-4.9008952293280466,-3.3547976659323515
1,-2.7381333436090567,-1.2828150370412899
0,0.40226075267711864,0.03161103511581024
0,0.10475895012148873,0.06157914871669786
0,0.5924695144236602,0.5560608280661331
0,0.5662736475493976,0.15652593923158678
0,0.5177278307793144,0.42629909170379726
0,0.48767834507666574,0.13999445612063438
1,-3.9835811153900975,2.800288255048372
1,-1.6147612326993706,-0.44564257018601894
0,4.053737707353582,1.2242651582906965
1,-0.8948755792807384,3.0833317814388335
0,4.404560354448142,3.965827268095643
1,-0.010409639178334817,-2.338950353934393
1,-0.2357928155300626,3.610876234083346
1,3.5200128213082,-3.9254945463131348
1,-2.6344547112622703,-0.9125453634895736
0,0.7228603370139498,0.22834748038962996
0,0.38463323576261577,0.1576211579618238
0,0.5527407440802927,0.2844891115547635
0,0.7250361583111588,0.6627166235677915
0,0.755243349433764,0.5726325746219159
1,1.5503937998580342,3.820757075413461
1,0.5370642432198877,0.31988269935733465
0,0.36396617113463825,0.35564418749393173
0,0.6356783314307324,0.16014847447067126
0,0.9602550093155029,0.2713325861101959
0,0.6542518966091105,0.3352760809264012
1,-3.0672666560946387,3.5342832243277433
1,-1.5367206355908891,-3.343628251367006
1,-3.594017182695354,-2.5905431002316663
0,0.2312591698313753,0.08436416326823054
0,0.46763906414638984,0.10721465607309276
0,0.669955393529972,0.5184202498357181
0,-1.661076740592966,4.8204108190955335
1,4.032276625724517,-3.4460992743526084
0,0.6928738606651434,0.4249398787601558
1,-0.6301101184809771,4.933398585662029
0,0.6969444469614576,0.28288722786229886
1,-2.789353424724834,3.2863151665061894
0,0.07165279359941734,0.06750989694074364
1,4.9731632808729636,-4.806320784698086
0,0.3093793596714614,0.245990284628913
1,4.894741181848122,-2.976531701059643
0,0.6059306210125075,0.32856990172241907
0,0.359658676164498,0.07782381029863425
1,-0.758748776793487,3.3274838069663994
0,0.8599575974786262,0.33867584251498134
0,0.36482691421134045,0.0657606117312183
1,0.31700065937941835,-3.6732814262555227
1,0.963447099755446,0.212603075225262
0,0.916805826983595,0.2605104033419329
1,-2.4474074216391912,3.0483396474493496
0,0.5684893180912823,0.2002573777602174
1,3.571817589506212,0.47370701400298254
1,-2.135752249018712,-0.3469414118770747
1,-0.9163118791075048,2.4611743157213635
1,-2.299799869530237,-3.990124737779638
1,-3.565446985030756,2.6141377815070093
1,4.153395256001162,-0.8033785697810486
0,0.87404522422845,0.09768838535581986
1,-4.706661363795113,-2.142211334002213
1,0.3611569657133823,0.182703170834711
0,0.5503491214947845,0.21636425256655914
0,0.5925035308174291,0.07788217857620582
0,0.21842487987611525,0.1759489688515054
1,-0.08948413208667849,-4.663420484261719
1,1.286047741450067,0.6063541550338575
0,0.7653368213484439,0.14095700462485602
1,1.954773539224972,3.830653456417021
0,0.4557130352193514,0.21678313590851847
0,0.10051628201161655,0.04714182107316648
0,0.36971157529202564,0.012254708216116163
0,0.11809483504485285,0.06600492223750641
1,2.0770335022935793,-3.0132769319704114
1,0.723830018575477,0.5019442250861157
0,0.8026440774466163,0.1744203383655117
1,0.2826942010567729,-4.544061224612558
0,0.3044647375460848,0.08716597308719685
0,0.18649975340290487,0.10743898661098628
0,0.7021312380556922,0.6527919990300303
0,0.680514866331199,0.05497980640606012
0,0.5296031084346936,0.17286370362029047
0,0.39835947351607653,0.30999261763622377
0,4.540017638826776,-3.7703441850799067
1,3.8493483056558593,-2.7746475142284552
0,0.6868241950039432,0.3369980336893494
0,0.6579915377878137,0.473302458415134
0,0.7560366104825778,0.6320706737004907
0,0.33035425805797997,0.06776318775290259
1,-4.185808159507004,-4.900867629292466
1,-4.447263197323397,1.0002189479024843
1,-1.2364629536848888,-1.6970352915294047
1,1.3632787495797856,-0.3193951377844273
0,0.5648649793083498,0.32595856924819244
0,0.6231518217121705,0.3192782857604975
1,-2.742627668683259,-2.1360772547620446
1,2.288033608833186,0.3891253221595409
1,4.139259721457298,-0.3736933987456531
1,0.7806792091849944,0.08096275617644422
1,4.634789677780235,-1.690338567835958
1,2.278210600726949,-4.427081452214441
1,-2.7628171414287346,1.4351436380581617
0,0.5487442555758362,0.3607730163430841
0,0.8452089140740868,0.18703813775595335
0,0.7704942241147071,0.48937182958967945
0,0.6394655779166774,0.6139397954673165
0,0.8332907124054625,0.29762553852542484
1,1.858242872508169,3.8963656676201834
1,0.6689644567087,1.761961503391762
1,4.282924153546089,1.4922016903313873
1,-0.5363289367143004,1.7835799407390507
0,0.3676816982726378,0.13407310530746055
1,1.982262465253607,-3.441551178552632
0,0.5820078987135968,0.25424767747192545
1,0.9857648479262804,-1.6445736406584044
0,0.22180313572523824,0.08686943807238849
0,0.8700913473667765,0.30401630376278543
1,0.7596719915974076,0.4576298844050076
0,0.49334764991086005,0.3932353658517308
1,3.636039780246301,-3.345783506727646
1,-2.3478600879340235,4.55541801955732
0,0.41923926844579623,0.08127886165868081
1,0.8358597083004231,0.30788127127168635
0,0.23842345807619242,0.23278066592836294
1,-4.398697650734931,0.9456235466902185
0,0.6595181685165781,0.11858538385277592
0,0.4325137727632889,0.09615345680170953
1,0.688023146751593,0.037429673463346205
0,0.4403541123020723,0.32826410340075757
0,0.2915110484767046,2.7075855809632107E-4
0,-3.815779617722846,-1.6521657801052825
1,4.0111277800773175,0.8667097244886518
1,1.1737687711699385,-2.715096032933621
1,-3.292262324925739,4.587648156418703
0,0.6857441742498022,0.027832767785826853
0,0.22613285964160473,0.21552104721582901
0,0.3383838366945036,0.015987183377490877
0,0.6029815123975276,0.14218134668038804
0,0.20971164451045973,0.014784417018187761
0,2.7991992923247375,-4.161355718662784
0,0.6672545978693261,0.11270898693614062
1,3.2078177124776537,-2.961392984300817
0,0.4219671853175964,0.23827896554127334
0,0.8088428833620428,0.2354125975205309
0,0.6403533431389697,0.3035627771368608
0,-3.1455459041804024,-4.461780499354494
0,0.5946353499999617,0.30390947763430987
1,-2.049328286568043,-2.625195259307148
1,3.9102364185507965,-2.3443532266112377
1,-2.1834531189603434,-0.3724359079104089
1,-0.011799001646456975,4.945914702691925
1,4.514420739307395,4.967084653781741
0,0.8362899366301049,0.3689631200022848
0,0.5596699645617605,0.4593912258690801
1,-0.8322462222652144,-1.1857809656227318
0,0.7406896861196088,0.22527448001132902
1,4.881115312064717,1.6639024456296996
0,-2.5896263930635444,-1.009062710580782
1,1.2566304466468936,-3.555437622755722
1,-0.048048532270382194,3.453913301121105
0,0.21053370078167247,0.06994058419628983
1,-4.77364795368492,-2.2347748097405082
0,0.6496101736752216,0.6376304746280327
0,-4.136094605311494,-2.562828969972106
1,4.03002735370505,2.778403838302759
1,3.81964565640835,-3.044206020815785
0,0.31441283726945535,0.14322743410415953
0,0.5714392745292666,0.5035811391846094
0,0.5835010107321216,0.5217407707065511
1,-3.876499464210983,0.7259857054006835
0,0.5707951392898393,0.31535077995289745
1,-2.1328543827936244,4.892874299255404
0,0.2881543409554572,0.2762120201949579
0,0.08501062585256204,0.00685844033880859
0,0.26774535131871907,0.0892446595809513
1,2.2342148840421556,4.152181421130404
0,0.6022981498368803,0.06918171654358414
1,-2.603821945432939,2.7704471129860115
1,0.7477491857321387,0.47753087940183375
1,2.6629808230603924,-1.2849666836547429
0,0.39095392865554773,0.11070796335114828
0,0.6305334595485581,0.004244604568406075
1,1.7565142378605192,-1.7003364673640742
1,-1.235097007678383,4.9098926970148264
1,0.2567572034482207,-1.3428631329765532
1,-1.4336661821135173,3.8731504579082863
1,-4.462678587008172,2.164104698265828
1,-0.1531607873104046,-3.203787808584666
1,-1.3808382968237392,-1.9525143187887424
0,0.6755926938756408,0.18947815361842818
0,0.31586534507581354,0.2852766932941352
0,0.7669156401305616,0.10227607343773434
0,0.15608850193505516,0.0647149255022379
1,-4.15160542361728,-4.04341389777556
0,0.6220197318623727,0.036437102234502035
0,0.4377924982160133,0.3182011175061668
0,0.6534586844379942,2.87508855205937
1,2.4874445109300174,4.962246665384286
0,-4.238616138681286,-0.42863626887630624
1,3.980706111255789,-1.1388588289017743
1,0.6480441169755691,0.1959471385409881
1,3.3375771848355793,-3.8393467324131345
1,0.857450615684768,0.32947681870223705
1,-4.6093251503683526,1.8639955121125384
1,0.6867761324857332,0.29528382277855414
1,-0.3222768946753568,1.9512655254227735
0,0.15472126210603815,0.07516739080527189
0,0.8033891747371321,0.29627446882276287
1,2.8005875861635348,-2.460647965515573
0,0.4247202229542598,0.26554840026862
1,-1.2879774348826933,1.8579000708458082
0,0.7952147576816525,0.17303163414952405
0,0.4384126149993981,0.25465866610857063
0,0.6871242037514117,0.23845198893299857
0,3.714975877165348,-0.14198827048101326
0,-3.7451367998579173,1.7132249642973585
0,0.361132200974666,0.18339351147573418
0,0.8851575134582529,0.19970906872775832
1,4.145001882126792,-4.963433272956712
1,2.6694844003570357,4.197613325650938
0,0.6852098657060326,0.39341342391340023
0,0.7106162137264231,0.2543675704129272
0,0.5865730496091869,0.5516984442504471
0,0.7706938067727527,0.24397868826328264
0,0.3886634174362157,0.3452054371482821
1,4.425921179919685,3.432111174238593
1,3.3093708184602066,3.8862732949897594
1,3.5296785817963117,4.627631956924066
0,0.535084529894,0.25808891023189373
1,-0.21374973529050767,0.7219369814671989
0,0.968939619702079,0.08808266801264349
1,-2.995208832457773,4.816166726418708
0,0.6248052271930954,0.550897022701969
1,-3.2428098310570315,1.55155940329456
0,0.2571903757667331,0.1675576104364868
0,0.8017356896919088,0.517094582218837
0,0.5665254720723982,0.18153542500654998
0,0.6220318619433267,0.2920131224061865
0,0.4211230191815421,0.206217727682808
0,0.9740678180742329,0.11826312184030084
0,1.4695718258585388,-4.297601903872704
0,0.4090420240738658,0.15478453886797336
0,0.5031689792630604,0.4677883654521129
1,0.9335036793392982,0.3426814141349549
0,0.6034618719304428,0.48159804442405035
0,0.5187591748663447,0.1926869213066904
0,0.5934108291762152,0.4022112119131675
1,-2.3431628064640457,1.4197660057880113
1,0.24604025147464237,-4.714967196993992
1,0.8605080873897187,0.49906597206297465
0,0.5779067112400409,0.23175278257329643
1,-4.310232437475002,-3.076033904326976
0,0.6853167539968594,0.5172523570331364
1,2.258283117349078,2.907237128618903
1,-4.566792731875346,-1.0254251175328282
0,0.9373418205673225,0.3230115886412522
0,0.6771475596984387,0.6145851251488892
0,0.9937905707092831,-4.6424041245513035
0,0.6226688495887519,0.10364622798931035
1,-0.2114933990028106,-3.5591716442428063
0,0.753639126979024,0.2713194407112108
0,0.759227397870979,0.5337828815732466
1,3.0944838301760047,4.7558789918555275
1,-2.716301938142503,-0.6101113427985139
0,0.6704462671704969,0.4838156579472347
1,-2.1606322135399063,2.405624366292036
0,0.6069744200200339,0.6005066989383769
0,0.8718433599111002,0.18781870054727587
1,-0.8510682249955398,0.4042508433580194
1,1.0102339318597848,4.5241751978854925
0,0.6928074686251303,0.2816228755923643
0,0.5139962793022759,0.4393820761167741
0,4.4680595857628305,1.9867271053388365
0,0.8689434201573316,0.02261936102908608
1,2.005408346353215,3.6076733677017616
0,3.2720400525344964,2.038621313440787
1,2.8233300384340376,-2.095079614153295
0,-1.06899643620608,-1.405584065998669
1,-2.7232835940154976,0.5442918889772358
0,0.7947534313114244,0.428004579091421
1,0.8230710809840027,0.41335857025549283
1,0.6410803942367727,0.6206418421350574
1,-2.992807410647329,2.7751396113249998
1,3.6501711587435963,1.7044162762518211
0,0.6957798479983245,0.2249274213412414
0,0.5006809722664635,0.27529090132630907
0,0.6261572872184187,0.4844187471879022
1,-4.417705977705695,-0.35285487845334085
1,4.395957341986299,2.441285185143765
0,0.7100883409910289,0.19986663855615003
1,0.7102360808655763,0.48872409421608093
0,0.6942161304796655,0.09406382897436723
1,0.9637138602182242,0.12975603612983497
0,0.46236317032516416,0.14559764560717448
0,0.51553182896942,0.39087993716239533
0,0.7761319948280427,0.0633656262277287
0,0.25986094665877435,0.10796858321156423
1,-4.342648877904593,-4.792417762020567
0,0.7855192530381062,0.17777068061268056
1,4.653030037121997,-4.578870628321182
1,-4.5885228918968535,2.4457203106415704
1,1.799519258020124,3.43942421839456
0,0.253574347941506,0.04198878101083008
1,2.5710568801515032,-0.2566748832049104
1,2.4844955351568228,3.8548196288287557
0,0.592930767091179,0.16513255884427688
0,0.9537493550189201,0.07160048296143093
1,0.8134173478851237,3.3933282400364675
1,-2.195242310478549,-2.4421255898446272
1,0.06846051914577211,-2.1936320646905823
0,0.499453415222184,0.36308340775034953
0,0.5395947525600362,0.5056060746934561
0,0.4209016229465693,0.19131242284602826
1,-1.3282328979220863,-3.159782542354498
0,0.7518128499988792,0.07251527882960593
1,0.6852448876668804,1.3278547289928466
1,1.3731203297237564,-0.5142720491319736
1,0.7777673658512343,0.48729428713357337
1,-4.084819059624286,-0.7216847109279267
1,4.371898862823552,4.088130840348277
1,-2.2766399165766673,-2.0358408526580023
1,-0.6286598531285392,-4.046943077158238
1,-1.3748109579511536,-2.567162497547501
0,0.3622653870024471,0.0704798983812709
0,0.7125577574549681,0.6265636364543586
1,-1.6618280009771196,1.3879298098523791
1,0.32731215133929004,0.13154611475611028
0,0.759863277497669,0.624292194382917
0,0.22934520901378663,0.11702600177439935
0,0.8730583254671005,0.10474154086797073
0,0.0207060099440222,0.014240064974927334
1,0.8199415372341584,-3.373137455510049
1,-4.446868213619518,-1.763895755906072
0,0.504467216380312,0.34594039936384563
0,0.3844483485022119,0.04740813256873157
0,0.8507791508144863,0.47241379349544765
1,1.9975747726644184,1.7273653629167147
1,-0.4527700719507394,3.8783551130093374
0,0.5590789104648083,0.030274517698201244
1,-4.277763105636268,0.12508634595994494
1,0.4724506625793262,1.7723703772098305
0,0.8706408802350808,0.43381281682491246
1,0.64683901272789,-0.19150299376940572
0,0.8326078572964887,0.1881970487919613
0,0.5241977775136747,0.4540066630019042
1,0.5942214866037747,0.4013863772890385
1,4.5539214173817815,3.123681365914031
1,0.7084998590010823,0.5488762403342979
1,0.6721255878678113,0.44108770929719926
1,0.628453999198023,0.09641858022574332
0,0.606593939545787,-3.0607756974744693
1,-4.44010387414615,-0.5733678583509305
1,-4.1961254671452295,-0.5130800449132289
1,-2.971232636846964,0.35067797824245905
0,0.6012067027819127,0.21610048612042856
0,0.5435480792622555,0.17777137321782352
0,0.47658675916340376,0.3304290502886445
1,-2.8272209682476888,2.92719439527461
1,-3.8025752225272313,-0.44520816037349475
1,2.72832244203315,0.9651308415236592
1,-2.6445373807248274,-0.26403784798960384
1,-2.8948980441434125,4.278364548200819
0,3.407016046652396,-2.608184672669399
1,-3.2851203592196088,-3.4686225109229003
1,3.012038709873484,-1.597095212134367
0,0.5723257225183803,0.4341092443552707
1,0.9115452906826021,0.14021919313350734
1,4.783888474927735,2.327639231290438
0,0.48452275520674737,0.004462753418348899
1,-4.083013621091185,-0.3541972994174064
0,0.5364130733744165,0.3493468386997691
0,0.7946291076561308,0.004478315942967259
0,0.31067849175133494,0.24039446114629645
1,1.3810730940715532,-4.64101331808039
1,4.423577552420198,1.8911423597533872
0,0.5364812470827086,0.01315274469398021
1,-4.747528905762132,-1.744492396429178
1,3.558947111143393,-4.601288468156993
0,0.7164103242915305,0.3702900847033862
0,0.4436848093203702,0.04493125479367286
0,0.5025531523261466,0.04874302088914293
1,-2.619927635082857,3.167775196216875
1,1.502091179523977,2.34886319950472
1,-2.2628371932408435,4.90961690766502
1,3.9149818565496797,-1.2747690800194034
1,3.1206260267522232,-1.860807148966619
0,0.9602807239867194,0.132296053055041
0,0.33554394706729074,0.08516052595367611
1,-3.075182902165001,1.1127039719420506
1,-4.4454719675214935,4.112020977492861
1,0.31089143090739435,0.26320999118714533
1,1.4881415948981376,4.307054119830662
1,-3.1472200516718,-3.03477717104169
1,2.911230899521398,-0.3492216940703252
0,0.43920273534158916,0.42977731491638543
0,0.12208644055033967,0.10022314771508715
1,-2.3752637016619262,3.1542426600771285
1,-2.7053040542298055,3.793310739477909
0,0.7161717441535108,0.022927048669069385
0,0.5078851404855587,0.34448502150591226
1,0.16113078870418074,-1.1254034663890888
1,-0.5505584761019661,2.351556100237271
1,4.464833171495785,4.352681389418728
1,0.7880691941078688,1.032635055751752
0,0.8970916580380075,0.364617913208984
1,1.7419470377514634,-1.3305705282659819
1,4.4993385421721825,2.570639338000855
1,-1.075859604658425,-3.531819979018346
1,0.08778556509473845,0.045202830659009534
1,-3.0774627082176083,-2.4979319402477245
1,-3.5558589774105576,0.3770932019377832
0,0.8443243464604734,0.4573407277257678
1,-1.4314317019241192,-3.0519751143626896
0,0.7440925988786374,0.22239968496962362
0,0.3144704181459447,0.22490692404794868
1,1.8971057685871835,-3.321704128949208
1,1.074183707069779,-3.3983997259547083
0,0.246309195671887,0.0958153740271937
1,2.1487591874576637,-4.509851237511693
1,3.289791917376597,-2.6249748984706263
0,0.5708671556648689,0.5634102937270948
0,0.6253439003247293,0.5090405923644026
1,-1.9930554350641683,-3.245955383425315
1,1.950143307844396,4.234358192734375
0,0.5386747541679313,0.16060987115574515
0,0.40503764848236445,0.37277437188201407
0,0.7551206597213783,0.41967473491993645
1,2.396754161209023,3.8249609887209193
1,-1.7557125199276284,-2.685613774524
1,3.7124949758297503,-1.4037071288547902
1,1.264407125687178,4.327636657788931
0,0.551326897832283,0.008218484247592103
1,0.5658529684163982,-4.342320120607118
0,0.5928050648022393,0.5814466744719481
0,0.5922320088785185,0.2754112391434556
0,0.4931771449880657,0.41942592390717603
0,0.9723790766625081,0.15339302576850306
0,3.9027173633464187,-1.1869565022419337
1,3.6473763259673597,-1.3162406318255149
1,-0.31991393332623075,3.0983247758161965
1,2.969049973936806,-4.7736592962149516
0,0.9731787499262186,0.06789228389461581
0,0.06779193005335993,0.04929286150169822
1,-0.6653654473493187,4.415038432478614
0,0.14563198208043518,0.10146767627536114
1,0.34154367537315455,0.11748124390987831
0,0.6502418449613436,0.01153376677804917
0,0.8716649534913682,0.3987826680928881
1,3.1538289855861197,-4.575579693213806
1,1.519723394546244,-0.6056707923674803
1,-4.84411610378611,-0.3551254569209178
0,0.7559487964392317,0.36606343451281237
0,0.7887640152094625,0.3136718204858636
0,0.670351205291492,0.13593265514391797
0,0.777558219916977,0.25484269124853864
1,-4.567730892854679,-2.7317257557992884
0,0.9384490716705304,0.049776559873641706
1,1.3965807070656604,0.19203354104749049
1,2.3342573829831577,-4.505656337417568
0,0.36751113546308556,0.12140723463517362
0,0.41604059545744415,0.26741821199223986
1,0.5490371398918171,0.28147790540474293
1,4.656782203843452,4.018864740421691
1,-1.1479636125683572,0.07690305401010566
0,0.5521385127318746,0.2099849891837792
0,0.9275163744847942,0.22538715201154016
0,0.4679942518897781,0.3372048370884996
1,-2.7748521112073132,-0.8803998592623574
0,0.11053536611114716,0.009337082640958057
1,-3.6378717524615647,4.349600660991705
1,-1.7164477689860207,2.907854039367285
0,0.6630413482396109,0.5852672475203103
0,0.47676641127250113,0.27310665048032123
0,0.567864910922228,0.29369518695394126
1,2.2289272342451993,1.7522296082480004
0,0.11368704656756454,0.04896651295710403
1,2.893091955884998,1.8104758849152853
1,-0.8838254849827526,4.429702279809518
0,0.4935505187389758,0.4066313577759137
0,0.8446386479603519,0.029499081062430398
0,0.47314390996795314,0.19372015116048732
0,0.770883079121161,0.406378246931456
0,0.5010284500516402,0.24578681024591773
0,3.2443295441867774,4.084086770296658
0,0.4199910616639139,0.41562810738698247
1,4.1688020051873425,0.5754473546906091
0,0.5529565034019647,0.3982734523407414
1,-0.7941691179589244,4.240098465663508
1,2.511571155089955,1.8903247486416586
0,0.38037864862737975,0.028479346244873773
0,0.36815784763393644,3.6266360223959557
1,-2.351006035822108,1.369992778246597
1,2.2775112315207915,2.676561418585051
0,0.912415719429937,0.09524445942547201
1,-2.058312313918615,-0.6841275167227001
1,-0.4898569970112654,1.7536125526756492
0,0.3696347884933219,0.2772196623759008
0,0.7445351310814958,0.451843214615953
1,-2.759934262158053,-3.6284227546978514
1,-2.0954082110478693,2.645385477916803
1,-4.453020896682593,0.04603954858712345
1,-0.11545895440901843,3.272186422381979
0,0.7566857398535098,0.1261188969380378
0,0.45107987604857686,0.39957045127925134
1,-2.0469513102719135,-1.2560221494579933
1,4.57788801075215,3.328387722008192
0,0.7577282415315755,0.49013498670343203
1,-1.8822466057551868,2.9108412351103325
1,0.23184307500812373,0.22163578824801858
0,0.46796561511810636,0.356858704392299
0,0.3767602865892176,0.21641535455421929
0,0.6940582352214801,0.3284499808269057
0,0.2321913350104538,0.015395750279599303
0,0.8166995437500941,0.2595109400894241
0,0.373230810396369,0.07737711025428524
1,-1.5302364813449048,4.261820455428588
0,0.7395554529678892,0.05398728286143093
1,-0.6196571422132596,0.8892376045701261
0,0.5852685499317468,0.4478248885256914
1,0.6417611915698163,-0.4833424409786258
1,-1.027647482051988,-1.8957736425653078
1,-1.4814320367425475,-3.5210993786436218
1,-1.0238053051039275,-1.9118090342009624
1,1.1603641164173106,-2.448021944317072
0,-2.4073327842295207,1.6533090534121664
0,0.302500989917998,0.29136794253901466
1,-0.793600874460294,-2.355042428617459
0,0.5396958942964245,0.2337618415263123
0,0.6197698458177453,0.3565046661964643
1,1.5021136664291408,-1.6382531823930009
0,0.6030594148261691,0.42400905967930624
1,-2.1347811689308016,-2.019259230057867
0,0.6211567782641507,0.392303024150356
0,0.48707720098071,0.06586886846932333
0,0.8077509234579779,0.34033050426541905
1,4.058342008329739,-2.5157668450201682
0,0.6998447960095528,0.5806042706303617
0,0.8498158206497272,0.24412308262629134
0,2.8651426567967633,1.3934784598933192
0,0.7358661227513593,0.5735193489524784
1,4.607521272432153,-0.17203723769559587
1,2.173446126997442,1.748513435518818
1,-4.387803133082635,-1.5653620026874282
1,2.3343690973036884,-4.449657786203419
1,4.9689653507989195,-3.8698914954108687
1,-3.4746322752080214,-0.11939028895086079
1,-1.6119024855682484,2.5822976796671924
1,1.538757811227998,-4.752812857007354
0,0.7648400521981246,0.5615543689309285
1,3.1308467583050197,0.845439354310687
1,-4.770799934199389,-1.2190222945413731
1,2.8680592178411786,1.550407558104484
0,0.8665426476287517,0.07842341327395601
0,0.3323794089431896,0.2147826677789148
0,0.3516701880794296,0.1784436599300909
1,0.6873682452904314,0.10293724635054986
0,0.43862782759969043,0.2418283158323742
1,-3.5007944737280026,-0.6458957168683133
1,-4.003772007600111,-2.7426177852717797
1,0.8344273708059654,0.33445676315380213
1,3.8211882303299616,-3.0267772969267703
1,4.274629392838889,-3.430912165487761
1,0.5338205540313873,3.1857530722316096
1,-0.8422355692775058,-3.717701379239376
1,0.6318734928716269,-0.23808020637707816
1,0.6596640365779158,0.10659847416002922
1,-4.6426167297749,-4.339156844448954
1,4.230943762157774,0.498076628890739
1,0.7803519655723323,-3.096665524873047
1,-2.3360543636044118,1.1260418078661072
0,0.27250215371580094,0.23330477672413147
0,0.5801042616414592,0.44009084923154906
0,0.7611925910172817,0.14573176724456816
1,1.0524652987277128,3.2762585588007087
1,-2.576139855000596,-2.2226906569985445
0,0.2502617175039914,0.1556531853413643
1,4.815595942660148,0.5537325883161742
1,0.606743353041377,0.2410221241011783
1,-3.231625472290804,-2.4621797753384573
1,-4.994446113002503,2.4176578228308347
1,2.1707224238736873,2.0926063979248277
1,2.1136363445516544,2.9693538561071575
0,0.36821544735720474,0.17114253542241198
0,0.3029878740271245,0.24515366274202216
0,4.7524038155300135,3.4353174058731737
0,0.691785650296016,0.6185887111633948
1,0.7441639870618006,0.17386780755852288
0,0.5579527237312403,0.2726509104091114
1,0.33599764873875027,0.1100178629217856
1,2.26037180071704,-2.6536018766598883
1,1.1086071238821922,4.355084466054126
1,0.4827083674826423,0.10362972212828432
0,-1.0930463317159722,-0.3823957456970023
0,0.5286122394961461,0.3569336007378913
1,-2.4083658071300595,-3.0394755161025873
1,4.016532660652173,-2.5866380635930817
0,0.6707563350877616,0.08630872674818492
1,-0.08955912475755001,1.5551011211874939
1,1.8203027868791877,-0.5440848533112241
1,-1.5361434822518167,1.8577024098213557
0,0.825865429546131,0.3672855702209751
1,2.791021131361485,4.831348804235098
0,0.5751551457211128,0.3970587949610198
0,0.8804897947148324,0.45234908838855903
0,0.6142928757784909,0.6130379968579758
1,-4.091474435739524,2.1399448196724586
0,0.6903765441413904,0.17283150647550927
0,0.36004732217837043,0.15727045799702755
1,-2.57204336347127,1.132049307040629
0,0.417579739878255,0.3505561045743621
0,0.8636719532510162,0.25573520765023694
1,1.2333676408861716,0.005075301270949795
0,0.5109781396808142,0.07676743623366815
1,1.9883683135167445,-1.997885047389389
0,0.08283227465705856,0.03814357749076875
0,0.6441588686224946,0.561517975941631
0,0.7502751516692371,0.4283175425878627
0,0.3334131171520701,0.022051950269871834
1,3.2449682578459997,-1.0905046555192222
0,0.6071055421279815,0.46144453713916617
0,0.8082886077062019,0.4050260752918019
1,3.7622659032279775,-1.0091832378797356
1,-2.5326058317068356,-0.038903236798457086
0,0.31429562977054126,0.2302522697555944
0,-3.7680124326774806,-0.020779024855239192
1,1.5257905809732009,-3.6136678715115016
1,3.7312353693829357,-1.1514819303039026
1,-2.2820084584780744,-1.6704698703030014
1,0.18225087508269788,-0.9628506256024488
0,0.5722952979723528,0.25485673845177126
1,-4.919821380452948,-4.047727225142493
0,0.7812359242931047,0.44395664636622445
0,0.5712067629828165,0.054871729375867026
0,0.651845461527689,0.4021228114041906
0,0.8048799941997467,0.4317477276499022
1,-0.45535323825370844,4.399674197805428
1,3.722336171301499,1.331421264269832
1,0.7388648890066823,-0.8753497480713412
0,0.7979170055360169,0.34756114343559713
0,0.049820015653755476,0.004866416941741035
1,1.889799216737193,-1.5846436562354493
1,0.2716232163422622,0.16411939068876308
0,0.44611744654931873,0.22517354054715774
0,0.7124117457452385,0.2981117578036299
0,0.22805389750810062,0.14187858258218017
1,2.3800366150128105,-3.4355610070054228
1,0.9693153287895717,4.843559993936332
1,-1.1022502044070355,-2.908810472893571
1,0.5802905209921738,-0.2671977648046109
0,0.9775635114896682,0.013790874881513546
0,0.8460880447090644,0.41379681391818984
1,-4.0886541747033425,-1.3937069562250222
0,0.6708516522279041,0.5051503007505154
0,0.7994588067228051,0.10926367800816605
1,-4.800315879485074,-3.2186714876801528
0,0.30572742460201396,0.170387963389253
0,0.2551952902252867,0.04019113353504682
1,-1.7115717606099095,-1.5324174502881012
0,0.7920621240322565,0.19939281456279523
0,4.706313556218377,2.7687668714017626
0,4.192399545988374,0.2438826358838303
1,-4.975510785295907,1.2074433149126673
1,2.85973899924022,3.2384861826826477
0,0.21154057439312418,0.039615873301960834
1,0.7969688100982286,0.11074529042972606
1,0.8925111240770476,0.0853373318100132
0,0.6510673190833108,0.3765857884694149
0,-4.418815967890302,0.1048222232769147
0,0.6069436741464298,0.5288797191644767
1,4.379710384423417,1.9565128616425354
0,0.8385614765648672,0.2297451083782062
0,0.614995338152565,0.5005483634868989
0,0.40759195897115413,0.335670173813249
0,0.3275147303836487,0.07446198512498042
1,1.346538006722704,-0.07743019008554064
0,0.8930459179922219,0.4124828585400219
1,2.85802454999011,-1.557487886610382
1,-2.1192558888427566,-3.9181742809780613
0,0.6746707254088746,0.3636332899066472
0,0.3353326231027327,0.2609618864218863
1,-1.788577865955271,-2.9132721341158447
0,0.6293614643975061,0.2803252587070669
0,0.9564341706976257,0.0019073948165020235
0,0.6997094949159332,0.4966022358071046
0,0.6594375003732778,0.0685986346715406
1,-1.813459266943721,-3.836393206687381
1,3.4189697736089437,-1.6919503412141867
0,-4.969684232173407,-1.5887958654799494
0,0.8164137607028913,0.5096255720542368
1,-3.2422873176583336,-4.279573073756374
0,0.7249812241585484,0.17529262359273948
1,-4.865245297631407,3.3622857910560118
1,-1.7128464047759957,2.18174406946169
0,0.5697697661572835,0.17721821176596986
1,-4.505950128435901,3.532231345296865
1,-2.0558702296619287,1.1876282726120124
1,0.5097626519536439,0.3706133144868792
0,1.1107129950333816,-1.1936263610408488
1,-0.23700785128834778,-2.4786805674277885
1,-2.2154297653811756,2.6510595583893695
0,0.7664713911353458,0.5235018352695672
1,-4.941156590804151,-3.9686493363204614
1,1.3658201026036183,4.7251486384134065
1,-1.6634909247672713,-0.19052900807077944
1,4.154097380603431,-0.9850723354618102
1,-4.518605582591701,2.5566785667575482
0,0.5417551526436786,0.049632325826176
0,0.360375525891753,0.18762622498894851
0,0.6537640127886002,0.39605219683754694
0,0.11852815705376699,0.035703820096171096
0,0.4891725342556087,0.06101638650279701
1,2.865430755858245,1.966838592397942
0,0.6327330611151738,0.4601407247843454
0,0.653956913688864,0.6431326849507373
1,-0.9243975218385914,0.6152039355259076
0,0.6376588359636776,0.07826208413956333
0,0.2738818241222854,0.21317852043789015
1,3.624693846236322,3.151343443839931
1,-1.9527000293710524,-2.2762017272315163
0,1.3661837474554535,3.520248680870094
1,1.4305501409635835,4.89843486899774
1,4.186396635184049,4.870890454490455
0,0.6543814218233546,0.1580334610651087
0,0.8087588279211664,0.5005939164246889
1,-3.0698031792385505,-2.2075982601017046
1,0.40642440846811184,0.26757603516391215
0,4.1455846667801,1.9067186868194193
0,0.9362660908294312,0.13827120946985308
1,4.403820690350074,1.761877866405956
1,3.3058142787796903,-0.2119035947712683
1,-3.8053790365075706,-3.118949424291241
0,0.3859003371148798,0.32734120496085595
1,0.7181686636737629,0.3935080706848362
0,0.40185414340033687,0.05737312207272577
0,0.3643166336002523,0.3577712791146968
0,-1.476309673519372,0.8622833645322547
1,3.344410656460002,1.1611689719624367
0,0.9325196084787575,0.164667590592386
1,-2.558482006965896,4.127847464312306
1,-3.7842939626167893,-3.090733439646973
1,0.2163915386216836,0.11786895728382123
0,0.8521491525047858,0.0242093253103022
1,0.14313070322649138,0.13916482594538135
0,0.6603106515220976,0.6131365090791415
0,0.9511822527842714,0.20665985230952444
1,4.3653335520295435,-2.1095353209496532
0,0.6086394788932581,0.18965833419957404
1,-2.09832925597368,-0.5813891233678598
1,-2.6045417490732237,-4.690350364734121
1,-2.1643770450245614,-4.1545130907431265
0,0.8845202864251083,0.4385314492557352
1,1.5373436848935895,-1.8435219922215662
0,0.4930189813046497,0.06500790460678345
0,0.7345025113608422,0.6054131415375007
0,0.6706427593182112,0.4823666845414163
0,0.015740139852300217,0.01460980648710661
1,-0.6100136375729964,1.3172701131561748
0,0.6844236529853007,0.3517007701497267
0,0.2649902024908481,0.09646878537899849
1,1.8021938035145197,-1.0494003295462577
0,0.5439677857266593,0.06659405958684567
1,-0.02672282519032676,0.3858681712532641
1,2.6130798584638764,-2.8153242009950663
1,0.8951651960904666,3.961964843791894
1,2.9221950169269855,-4.086734244165944
1,3.4126008036594033,0.548651378051907
0,0.42600595036437205,0.12876045162524882
1,-2.498461680390583,0.7219906730322151
1,-1.1207897010946248,-0.09244525039441398
1,-1.6805784773553527,2.7126800915513805
0,0.8833013368237884,0.0812739758626607
1,0.7861743466509878,0.18931102092664895
0,0.9556459146211389,0.016788599404402527
0,0.4129982193402325,0.22876218327082137
0,0.5628759524131988,0.40442660204504155
0,-1.8159512962361397,4.210614459169544
1,3.448824146673026,4.1104272406354445
0,0.8423443511263028,0.29509176311421415
0,0.6699512035111174,0.539950211220084
0,0.7818481469288044,0.5268716429887823
0,0.5540844065434649,0.42619145655793167
0,0.6709981887926992,0.04734212841475857
1,-3.990463431174487,2.229719819165072
1,-1.6070502131146607,3.806528760181535
0,3.1686346060235113,-0.5129653108066934
0,0.3642268388002104,0.09970721927956962
0,0.2557411364738578,0.05753512638089233
0,0.8606733246884847,0.22828784360438076
0,0.6262998156004431,0.5152903476046973
0,0.5525534832619595,0.18731591015592725
0,0.9240790149285903,0.024355419811440956
0,0.7377851548826214,0.39599352911529334
1,3.208267725593502,0.2054698136213362
0,-0.49424606920274616,-1.6755440632443075
1,3.832959293196247,3.0518448470571675
0,0.5512826821236646,0.23896641858958365
1,1.4278754568588852,4.230092837080194
0,0.5253615347585379,0.3546031513318294
0,0.5473343849292633,0.5175303422707812
0,0.8080420609811383,0.006241397761697157
1,0.29818122147249426,0.17457679795968636
0,0.7924311570584031,0.31790511717211273
0,0.5354714182935166,0.5242225144882604
1,-0.572477178094073,3.830343683427018
1,2.670657088605074,-0.742618628213938
1,1.9802861766607205,-1.6599298360882264
1,-3.889148476727218,2.5438864620729102
1,-4.626887092510515,0.02405273847182976
0,0.7575238770223004,0.614872447736099
1,-1.111805430881635,3.3167664180034446
1,1.1304025012692587,-2.105235014679929
1,0.7352798085895018,-4.654119923535549
1,2.943109121919465,-4.647794588178826
1,2.875439512458237,1.411108777642593
0,0.877830762894321,0.3909138953597114
0,0.11983844307076186,0.11763144314876771
0,0.9879235548375521,0.15143952961484008
0,0.2260481268184316,0.09429621978472033
1,1.0005004427804465,4.489243852232936
0,0.5709295773766636,0.2409971043249967
1,1.8842984933780627,1.959582612356301
1,1.7655218226870206,3.78712691811582
0,0.4075538007113973,0.38183518264660726
1,-0.8471112115856394,4.3852827792951
1,0.6900291701754366,0.045578910165275204
1,2.4183850890041803,-1.7605526770463442
1,0.2663829421071689,0.026171344746437952
0,0.9803653296782242,0.17062370116792308
1,-1.1977280584791838,-4.345387936908484
1,0.505732417482692,0.1999527618975965
0,0.62710486895314,0.36661415844112366
1,-4.652775354915885,1.2273636950846107
1,2.765864681195098,-3.0839957221210774
0,0.7955215689726043,0.3206499849975207
1,-0.1619201444785806,-2.879358895298871
0,0.7229875406771514,0.5927006337297867
0,0.7289128589116487,0.21580750320777517
1,0.5248804187839184,1.0334924618167474
0,0.6186406982759272,0.540011187310192
1,-0.10262685871812172,-3.445085649340496
1,0.51987328216628,0.4980175144703427
1,2.1640888010758412,1.1433357197170402
1,4.798546437019858,-3.0813869725899163
0,0.7695671560514806,0.39425493319455357
1,0.8736974275985387,-1.213132149860114
1,-2.171183825561922,4.994590005383411
1,0.7657984879021584,0.4109205839837615
1,-3.6582866337681597,-1.2988288004976694
0,0.6839357477133796,0.2871283367776928
0,0.5859708324634035,0.27700389215557564
1,-4.005871488900601,-3.0539322793225665
1,4.929989024546705,2.49089286427898
0,0.7350354526360127,0.4777280997948528
1,-3.721718651046811,2.0547345341757186
1,1.288352074493312,-1.4008830764846563
0,0.9125693780703912,0.4039631949059941
0,1.6733510611809244,4.455083602661361
1,-0.1723431750179949,2.545899436610375
1,-3.3527973853624964,-4.073921974160789
0,-4.3663925158768375,-1.9541419190487441
1,3.226515331103336,1.5967559358098775
0,0.7952772172946887,0.2157083912923501
1,0.41633473934491333,0.21997673267324094
0,0.4807134536144183,0.3746261897266631
1,3.6177899244549847,-4.6585291968676765
1,-0.30138160204051856,1.7348385195620515
1,-4.757670150771979,1.2278983852488534
0,0.5552123084939717,0.14759316022371624
1,0.5180873906126469,0.015007424027034047
0,0.8701927535421835,0.45253074123151854
1,4.133928610087146,-3.216825608189138
1,-3.0988918059300863,2.7180810248144165
1,-4.03311804350952,0.538790424138979
